,geo,text,user,location,Subject,state
2,,  So Greenberg offered Stone $250k in essentially untraceable currency to intervene on hi‚Ä¶ ,bchadhill,"New Orleans, LA",Donald Trump,Louisiana
7,," Search Warrants Move Feds Closer to Charging Giuliani. Will Rudy Flip on Bill Barr, Donald Trump, others? And what wil‚Ä¶",Diana_Chumley,"Tennessee, USA",Donald Trump,Tennessee
11,," Propaganda media behaved, relentlessly, as if basic human decency was unacceptable when it came to how to treat Donald Tru‚Ä¶",Desertgramma1,"Arizona, USA",Donald Trump,Arizona
13,, This could be the lead-in every day:  Donald Trump Jr. is Furious That ________________,martyq01,New Jersey,Donald Trump,New Jersey
16,," Donald Trump, twice impeached, criminal activities throughout his four years, fascism, racism, sexism, narcissism. It all‚Ä¶",rradgoski,"Scranton, PA",Donald Trump,Pennsylvania
19,, Donald Trump and Ron DeSantis will not be on the ticket in 2024; they will be sharing a cell with Matt Gaetz and Rudy Giulia‚Ä¶,HoundsLou,"Colorado, USA",Donald Trump,Colorado
21,," Donald Trump said     ""Lock her up""and did nothingBiden said      ""Return to normalcy""and is now persecuting his polit‚Ä¶",Jakeyman1997,"Nicholasville, KY",Donald Trump,Kentucky
22,, Stop falling for Donald Trump's marketing ploys.He is so desperate for the attention.Don't quote him.Don't retweet hi‚Ä¶,GlendaEnglish17,"Texas, USA",Donald Trump,Texas
23,, Donald Trump and Ron DeSantis will not be on the ticket in 2024; they will be sharing a cell with Matt Gaetz and Rudy Giulia‚Ä¶,sensei328,"Kailua Kona, HI",Donald Trump,Hawaii
25,, FBI raids Donald Trump's lawyer Victoria Toensing's office and appartment in investigation of alleged dealings in Ukrain‚Ä¶,Mr_____sex,"DeLand, FL",Donald Trump,Florida
27,," Michael Cohen on CNN: ""My parents always told me it's not nice to gloat. But Rudy, I told you so...What I told him is Donald‚Ä¶",KrisPaap,"East of Milwaukee, WI",Donald Trump,Wisconsin
29,," In  tele-town hall with , Donald Trump reiterates his endorsement of Wright and calls the decis‚Ä¶",BudKennedy,"Fort Worth, Texas",Donald Trump,Texas
30,," Michael Cohen on CNN: ""My parents always told me it's not nice to gloat. But Rudy, I told you so...What I told him is Donald‚Ä¶",beatlebabe49,"Garden Grove, CA",Donald Trump,California
43,," ""If I wasn't president, we wouldn't have a vaccine."" -Former President Donald J. Trump #MWM",Candace21437099,"North Carolina, USA",Donald Trump,North Carolina
47,," After four years of Donald Trump, it‚Äôs just laughable to call Joe Biden divisive.",JMcCuneRP,"Louisa, VA, USA",Donald Trump,Virginia
49,, I would love to see Donald Trump on  . That would be a heck of a show to watch.,Mjaez1978,"Kentucky, USA",Donald Trump,Kentucky
54,," Watching the recent news lately &amp; connecting a few things, I predict that the United States Department of Justice will‚Ä¶",jcmarbury,"Shaker Heights, OH",Donald Trump,Ohio
55,,Donald Trump Jr. is Furious That Liz Cheney Fist Bumped Joe Biden Last Night  ,Politics_PR,Minnesota,Donald Trump,Minnesota
56,, Donald Trump and Ron DeSantis will not be on the ticket in 2024; they will be sharing a cell with Matt Gaetz and Rudy Giulia‚Ä¶,Chrysta04934764,"Sacramento, CA",Donald Trump,California
58,," Search Warrants Move Feds Closer to Charging Giuliani. Will Rudy Flip on Bill Barr, Donald Trump, others? And what wil‚Ä¶",Johndnolan4884,"St Petersburg, FL",Donald Trump,Florida
62,," Watching the recent news lately &amp; connecting a few things, I predict that the United States Department of Justice will‚Ä¶",KrisPaap,"East of Milwaukee, WI",Donald Trump,Wisconsin
64,, (üÜö) BREAKING: Donald Trump is the most infamous and unrepentant serial federal witness tamperer in American history‚ÄîComey‚Ä¶,HenslerKate,"Kentucky, USA",Donald Trump,Kentucky
66,,"""The letter, which  recently obtained, was written after Greenberg asked Roger Stone to help him secu‚Ä¶ ",JuanSaaa,"Washington, DC",Donald Trump,Washington
67,, . Kevin McCarthy wants us to forget what we all know is true: Donald Trump unleashed a mob to attack the Unit‚Ä¶,nursevictoria11,"Phoenix, AZ",Donald Trump,Arizona
69,," ""Liz Cheney is ahead of the curve... Donald Trump I believe in the coming future, as the Democrats get more and more wind i‚Ä¶",mccuebillie,"Olympia, WA",Donald Trump,Washington
73,," . on Biden's thankless #JointAddress:""The American people know that it was President Donald Trump &amp; Operati‚Ä¶",SeStefanec,"Ilion, NY",Donald Trump,New York
75,, It took President Biden to help fix Flints water issues. Fuck Donald Trump.  ,thepheshow,New York,Donald Trump,New York
82,,Donald Trump Jr. is Furious That Liz Cheney Fist Bumped Joe Biden Last Night  via ,voteblue8888,"Washington, DC",Donald Trump,Washington
83,," Watching the recent news lately &amp; connecting a few things, I predict that the United States Department of Justice will‚Ä¶",Ocelot55134969,"Arizona, USA",Donald Trump,Arizona
85,," Michael Cohen on CNN: ""My parents always told me it's not nice to gloat. But Rudy, I told you so...What I told him is Donald‚Ä¶",ThomasFriend4,"Marana, AZ",Donald Trump,Arizona
86,, Donald Trump and Ron DeSantis will not be on the ticket in 2024; they will be sharing a cell with Matt Gaetz and Rudy Giulia‚Ä¶,ConnieRadler,"Ramona, CA",Donald Trump,California
90,," ""What I told him was that Donald Trump doesn't care about anyone or anything, that he will be the next one to be thrown un‚Ä¶",jotitaleo,"Cape Cod, MA ",Donald Trump,Massachusetts
91,,Donald Trump on 911  via ,WaVyDaVy69,"Aqua, Florida, USA",Donald Trump,Florida
95,,"   Liz really caved the Republican Party is no more,  there are not anymore leaders left‚Ä¶ ",MarieFlemings,"Chicago, IL",Donald Trump,Illinois
101,," Watching the recent news lately &amp; connecting a few things, I predict that the United States Department of Justice will‚Ä¶",pistolstrikesbk,"Silicon Valley,  CA",Donald Trump,California
111,, Doesn't matter how you slice it; 2020's surge in voter turnout was led by young #GenZ and #millennial voters.Without them‚Ä¶,WeBeHealthy,"Thompsonville, MI",Donald Trump,Michigan
119,,"  they should, but probably won't for political reasons.",sheltgarner,"Richmond, Virginia",Donald Trump,Virginia
122,," THE INSIDE STORY OF TRUMP‚ÄôS MONEY MANAllen Weisselberg, the steely financial sentry at the Trump Organization now in the‚Ä¶",Juliet_notRomeo,"California, USA",Donald Trump,California
123,, . Kevin McCarthy wants us to forget what we all know is true: Donald Trump unleashed a mob to attack the Unit‚Ä¶,KMamaBear03,"Boulder, Colorado",Donald Trump,Colorado
125,,"Pence did not discuss his own presidential ambitions during a 30-minute speech, spending more time talking about GO‚Ä¶ ",usatodayDC,"Washington, D.C.",Donald Trump,Washington
140,, It took President Biden to help fix Flints water issues. Fuck Donald Trump.  ,BillySh87855549,"Altamonte Springs, FL",Donald Trump,Florida
142,," Propaganda media behaved, relentlessly, as if basic human decency was unacceptable when it came to how to treat Donald Tru‚Ä¶",Stumpy64512180,"Alabama, USA",Donald Trump,Alabama
145,," Search Warrants Move Feds Closer to Charging Giuliani. Will Rudy Flip on Bill Barr, Donald Trump, others? And what wil‚Ä¶",Nancabell,"Minnesota, USA",Donald Trump,Minnesota
147,," Michael Cohen on CNN: ""My parents always told me it's not nice to gloat. But Rudy, I told you so...What I told him is Donald‚Ä¶",NickB09121299,"Vero Beach, FL",Donald Trump,Florida
150,, James Gandolfini and Edie Falco reportedly shot a secret ‚ÄòSopranos‚Äô short film to try and convince LeBron James to sig‚Ä¶,Nickgetsbucketz,"Montclair, NJ",Donald Trump,New Jersey
153,,"       ""Letter written by J‚Ä¶ ",jerichodav,"New York, USA",Donald Trump,New York
156,, Checking out the former guy‚Äôs apprentice in South Carolina. ‚ÄúI‚Äôd like to say thank you for the privilege of serving with Pres‚Ä¶,joanbushur,Missouri,Donald Trump,Missouri
158,, These new numbers show that Donald Trump really is finished  via . Bye-bye Asshole:,tuckerdemps,"New Orleans, LA",Donald Trump,Louisiana
162,," Watching the recent news lately &amp; connecting a few things, I predict that the United States Department of Justice will‚Ä¶",GulliAz,"California, USA",Donald Trump,California
167,,  Lol. You bring up Donald Trump who is not even in any office. Poor thing you can‚Äôt handle‚Ä¶ ,cherylwoofter,"Memphis, Tennessee",Donald Trump,Tennessee
168,," Propaganda media behaved, relentlessly, as if basic human decency was unacceptable when it came to how to treat Donald Tru‚Ä¶",ChasD3,Arizona,Donald Trump,Arizona
177,," Republicans: ‚ÄúJust because Donald Trump doesn‚Äôt go to church, accept Jesus Christ as his Lord and Savior, or follow any‚Ä¶",LEngelhorn,Oklahoma,Donald Trump,Oklahoma
179,," Propaganda media behaved, relentlessly, as if basic human decency was unacceptable when it came to how to treat Donald Tru‚Ä¶",vickib501,Alabama,Donald Trump,Alabama
181,," Michael Cohen on CNN: ""My parents always told me it's not nice to gloat. But Rudy, I told you so...What I told him is Donald‚Ä¶",SeaIslandBlue,"Beaufort, SC",Donald Trump,South Carolina
182,," ‚ÄúWhile Mike Pompeo was secretary of state and advising Donald Trump, Biden climate czar and former Secretary of State John‚Ä¶",OldPrague,"Beverly Hills, CA",Donald Trump,California
183,,  I'm glad..and gave u a heart for your tweet that u will be respectful...but he is so much mor‚Ä¶ ,Stephenvette,"Denver, CO",Donald Trump,Colorado
187,," Joe Biden's first ever address to Congress as President drew an abysmal 11.6 million viewers.For comparison, Donald Trump's la‚Ä¶",davidbrod517,"New Jersey, USA",Donald Trump,New Jersey
192,," Mike Pence praised Trump and attacked Biden in his first public speech since leaving office, but he stayed silent about what‚Ä¶",RyanCla86684429,"Miami, FL",Donald Trump,Florida
194,," Mike Pence praised Trump and attacked Biden in his first public speech since leaving office, but he stayed silent about what‚Ä¶",CraigHarrisUSAT,"Phoenix, Arizona",Donald Trump,Arizona
198,," Watching the recent news lately &amp; connecting a few things, I predict that the United States Department of Justice will‚Ä¶",ArgusC,"California, USA",Donald Trump,California
199,," Propaganda media behaved, relentlessly, as if basic human decency was unacceptable when it came to how to treat Donald Tru‚Ä¶",dcatlin,"San Diego, CA",Donald Trump,California
200,," Michael Cohen on CNN: ""My parents always told me it's not nice to gloat. But Rudy, I told you so...What I told him is Donald‚Ä¶",redhead1012,"Bettendorf, IA",Donald Trump,Iowa
205,," Permanently banning its most famous user, Donald Trump, and cracking down on the postings of right-wing figures does not appea‚Ä¶",Bookflip,"Providence, Rhode Island",Donald Trump,Rhode Island
209,,"Very, very unfair.üòèüòèüòè ",ElizabethMaiel7,"Allegany, NY",Donald Trump,New York
225,," Hours after Donald Trump called on Republicans to oust Senate GOP Leader Mitch McConnell, McConnell was asked if he wo‚Ä¶",ChuckRhodes15,"The Woodlands, TX",Donald Trump,Texas
227,," Watching the recent news lately &amp; connecting a few things, I predict that the United States Department of Justice will‚Ä¶",chirico_sara,"Virginia, USA",Donald Trump,Virginia
228,," Propaganda media behaved, relentlessly, as if basic human decency was unacceptable when it came to how to treat Donald Tru‚Ä¶",BobbyJoeFrankl1,"North Carolina, USA",Donald Trump,North Carolina
237,, TRUMP-DeSANTIS 2024? Donald Trump ‚ÄòConsidering‚Äô Florida Governor as Potential Running-Mate ,newyorker1010,Florida,Donald Trump,Florida
239,, BREAKING: Andrew Giuliani just might be an even bigger moron than Donald #Trump Jr...,Sch531,"Atlanta, GA",Donald Trump,Georgia
240,," So you‚Äôre saying that Donald Trump‚Äôs DOJ did that? If so, you must be in deep trouble.",BrianOFahey1,"Washington, DC",Donald Trump,Washington
244,, Jan 6 was far more threatening to the American experiment than Sept 11 could ever have been. The (mainly) Saudi hijackers cou‚Ä¶,ChristaAllan,"Madison, MS",Donald Trump,Mississippi
245,, Donald Trump administration and  created the real border crisis.,Mnative13,Michigan,Donald Trump,Michigan
250,," Search Warrants Move Feds Closer to Charging Giuliani. Will Rudy Flip on Bill Barr, Donald Trump, others? And what wil‚Ä¶",Stevens18Clint,"Near the Columbia Airport, SC",Donald Trump,South Carolina
252,, ... was Donald J. Trump. Hands down.,JumpintraxJack,"Vail, AZ",Donald Trump,Arizona
257,," Donald trump has poked the bear. He may have control over the josh, Ted, Matt and Johnson‚Äôs , but not Mitch.",Barbtomko1,"Chicago, IL",Donald Trump,Illinois
258,,Donald Trump Jr. Comes For Rep. Liz Cheney After She Fist-Bumps President Biden  ,OurProgressive,"San Francisco, CA",Donald Trump,California
260,,Not a supporter of Donald J Trump  ,mymoneyisup,Michigan ,Donald Trump,Michigan
262,,"Donald Trump Reacts to ""BIG Victory"" in Struggle for Election Transparency in Arizona ",Rightwinger65,"Lake Forest, IL",Donald Trump,Illinois
270,," Propaganda media behaved, relentlessly, as if basic human decency was unacceptable when it came to how to treat Donald Tru‚Ä¶",UBRox1,"Ames, IA",Donald Trump,Iowa
272,," ü§ö - however, biden is a real leader but ONLY for a Communist Nation or Criminal Organization.  [We NEED‚Ä¶ ",DanielTravers77,"Cortlandt-Peekskill, New York",Donald Trump,New York
276,," Donald Trump, twice impeached, criminal activities throughout his four years, fascism, racism, sexism, narcissism. It all‚Ä¶",mattpierce1970,"Lansing, MI",Donald Trump,Michigan
300,," Permanently banning its most famous user, Donald Trump, and cracking down on the postings of right-wing figures does not appea‚Ä¶",Dr_CorbinCWong,"New York, NY",Donald Trump,New York
301,," Michael Cohen on CNN: ""My parents always told me it's not nice to gloat. But Rudy, I told you so...What I told him is Donald‚Ä¶",fillagainb,"Lafayette, Louisiana",Donald Trump,Louisiana
302,," Permanently banning its most famous user, Donald Trump, and cracking down on the postings of right-wing figures does not appea‚Ä¶",freddykills,New Jersey,Donald Trump,New Jersey
308,, Trump Says Raid On Giuliani‚Äôs Apartment Is Like Nothing Anyone ‚ÄòHas Ever Seen Before‚Äô ,JodyHal77671115,"Oklahoma City, OK",Donald Trump,Oklahoma
309,,   So you must‚Äôve hated Donald Trump? Because he was the most pro-Zionist president of all time.,ComradeIslam,"Bucktown, NYC ‚û°Ô∏è Bay Area, CA",Donald Trump,California
312,," Michael Cohen on CNN: ""My parents always told me it's not nice to gloat. But Rudy, I told you so...What I told him is Donald‚Ä¶",rhapsodynbloom,"West Melbourne, FL",Donald Trump,Florida
319,," . on Biden's thankless #JointAddress:""The American people know that it was President Donald Trump &amp; Operati‚Ä¶",MarkMeadows,"Washington, DC",Donald Trump,Washington
325,,It took President Biden to help fix Flints water issues. Fuck Donald Trump.  ,DetroitSteel_,"Detroit, MI",Donald Trump,Michigan
326,," Michael Cohen on CNN: ""My parents always told me it's not nice to gloat. But Rudy, I told you so...What I told him is Donald‚Ä¶",rubydiana,"South Carolina, USA",Donald Trump,South Carolina
329,," Donald Trump, twice impeached, criminal activities throughout his four years, fascism, racism, sexism, narcissism. It all‚Ä¶",gangster_kitty,"Alvin, TX",Donald Trump,Texas
331,," Fist-bumping GOP Rep. Liz Cheney ""comes from a time and place when the GOP wasn‚Äôt entirely made up of reactionary asshat‚Ä¶",LyleWanda,"North Las Vegas, Nevada ",Donald Trump,Nevada
332,, Donald Plays His Trump Card On Joe‚Äôs Speech ‚Äì He Accuses Biden Of Being ‚ÄòVery Ungracious‚Äô For Giving Him No Credit for Vaccin‚Ä¶,lisa_kinka,"Florida, USA",Donald Trump,Florida
335,, These new numbers show that Donald Trump really is finished  via . Bye-bye Asshole:,LoveIsL10218947,"New Orleans, LA",Donald Trump,Louisiana
336,," ‚ÄúIt is the second time that a lawyer for Donald Trump has seen his own place raided. Last time, everyone remembers, it w‚Ä¶",Whittymeg1,Oregon,Donald Trump,Oregon
341,," Propaganda media behaved, relentlessly, as if basic human decency was unacceptable when it came to how to treat Donald Tru‚Ä¶",jeffrygc,"Michigan, USA",Donald Trump,Michigan
353,," This is why I saw Donald Trump was a symptom, not the disease.He recognized the growing frustration resulting from hypercap‚Ä¶",krunk84,"Tampa, FL",Donald Trump,Florida
359,," Watching the recent news lately &amp; connecting a few things, I predict that the United States Department of Justice will‚Ä¶",BairdWildLife,"Goldstream, Fairbanks, Alaska",Donald Trump,Alaska
360,," To fix the system, we must first acknowledge that it‚Äôs broken. Join our conversation tomorrow with host of ‚Ä¶",courtcan,"Oklahoma City, OK",Donald Trump,Oklahoma
364,," Watching the recent news lately &amp; connecting a few things, I predict that the United States Department of Justice will‚Ä¶",rrnunez,"Seattle, WA",Donald Trump,Washington
371,, We're still uncovering so much about Trump's grifting ,ArgusC,"California, USA",Donald Trump,California
372,," Michael Cohen on CNN: ""My parents always told me it's not nice to gloat. But Rudy, I told you so...What I told him is Donald‚Ä¶",TheChildrenHour,"Finger Lakes Region, NY",Donald Trump,New York
374,," . on Biden's thankless #JointAddress:""The American people know that it was President Donald Trump &amp; Operati‚Ä¶",OldSoldierRadio,"Fort Hood, TX",Donald Trump,Texas
384,," Watching the recent news lately &amp; connecting a few things, I predict that the United States Department of Justice will‚Ä¶",kbrown65807,"Springfield, MO",Donald Trump,Missouri
391,, Donald Trump and Ron DeSantis will not be on the ticket in 2024; they will be sharing a cell with Matt Gaetz and Rudy Giulia‚Ä¶,bridgetsimonds0,"Philadelphia, PA",Donald Trump,Pennsylvania
393,," Search Warrants Move Feds Closer to Charging Giuliani. Will Rudy Flip on Bill Barr, Donald Trump, others? And what wil‚Ä¶",WeBeHealthy,"Thompsonville, MI",Donald Trump,Michigan
395,," Search Warrants Move Feds Closer to Charging Giuliani. Will Rudy Flip on Bill Barr, Donald Trump, others? And what wil‚Ä¶",ChrisAlex13927,"Newark, NJ",Donald Trump,New Jersey
398,, Donald Trump set a really low bar for Joe Biden's speech to Congress (Opinion) I love the headline‚Ä¶,pearlfromca,"California, USA",Donald Trump,California
400,, Joe Biden is a good president because he is a good person. Donald Trump was a bad president because he is a bad person.‚Ä¶,Firestorm1776,"Seattle, WA",Donald Trump,Washington
401,, Am I the only one who's wondering whether the evidence seized from the Rudy raid will somehow implicate donald trump in‚Ä¶,karenkmason1,Wisconsin,Donald Trump,Wisconsin
406,,  GREAT meet the new Donald Trump Jr!,Jennosoupforyou,"St John, IN",Donald Trump,Indiana
407,," Donald Trump, twice impeached, criminal activities throughout his four years, fascism, racism, sexism, narcissism. It all‚Ä¶",DcTerrico,Oklahoma,Donald Trump,Oklahoma
408,," Propaganda media behaved, relentlessly, as if basic human decency was unacceptable when it came to how to treat Donald Tru‚Ä¶",RebaHere,"North Carolina, USA",Donald Trump,North Carolina
409,, ????? she did a very poor job as First Lady! She did not care for the American people!! She wanted t‚Ä¶ ,stablegenius53,"Arizona, USA",Donald Trump,Arizona
410,," Watching the recent news lately &amp; connecting a few things, I predict that the United States Department of Justice will‚Ä¶",NminMic,"Pennsylvania, USA",Donald Trump,Pennsylvania
414,," Search Warrants Move Feds Closer to Charging Giuliani. Will Rudy Flip on Bill Barr, Donald Trump, others? And what wil‚Ä¶",jillyjasper,"Michigan, USA",Donald Trump,Michigan
416,," Search Warrants Move Feds Closer to Charging Giuliani. Will Rudy Flip on Bill Barr, Donald Trump, others? And what wil‚Ä¶",JacquieWells4,"New York, USA",Donald Trump,New York
417,,Donald Trump Is Thinking Of This Politician As A Running Mate In 2024  #SmartNews,DiannaRakestraw,"Boswell's Corner, VA",Donald Trump,Virginia
420,, Joe Biden is a good president because he is a good person. Donald Trump was a bad president because he is a bad person.‚Ä¶,BErickson_BIO,"Washington, D.C.",Donald Trump,Washington
422,," Lincoln: Thank you, James Buchanan. FDR: Thank you, Herbert Hoover. Obama: Thank you, George W. Bus‚Ä¶ ",TimMcFarlandOR,"Salem, OR",Donald Trump,Oregon
423,," . on Biden's thankless #JointAddress:""The American people know that it was President Donald Trump &amp; Operati‚Ä¶",YvetteMonet11,"Anaheim, CA",Donald Trump,California
426,, Never forget: Tim Scott was unfailingly loyal to Donald Trump. And is to Mitch McConnell.,Nastyness61,"San Diego, CA",Donald Trump,California
427,, He can't imagine people with disagreements being civil to each other. ,macchica26,"Maple Grove, MN",Donald Trump,Minnesota
428,," Search Warrants Move Feds Closer to Charging Giuliani. Will Rudy Flip on Bill Barr, Donald Trump, others? And what wil‚Ä¶",BobbyGrannie,"Texas, USA",Donald Trump,Texas
438,, Who I want to host SNL in 2021! (By Lorne Michaels)- Donald Trump again?- Elon Musk a must- Duterte?- Putin would‚Ä¶,nichdemarco,New Jersey,Donald Trump,New Jersey
440,," Watching the recent news lately &amp; connecting a few things, I predict that the United States Department of Justice will‚Ä¶",tcj,"Washington, DC",Donald Trump,Washington
445,," Watching the recent news lately &amp; connecting a few things, I predict that the United States Department of Justice will‚Ä¶",azpublic1,"Arizona, USA",Donald Trump,Arizona
449,," January 6th cannot just be forgotten. A sitting President betrayed his oath of office, attempted an insurrection to stay‚Ä¶",DcTerrico,Oklahoma,Donald Trump,Oklahoma
451,,"1/4. Dear Patriots!I want to extend this invitation to a great event that is near and dear to my heart, as well a‚Ä¶ ",TTrumpette,"Palm Beach, FL",Donald Trump,Florida
452,,"1/4. Dear Patriots!I want to extend this invitation to a great event that is near and dear to my heart, as well a‚Ä¶ ",UnstoppableMeBk,"Palm Beach, FL",Donald Trump,Florida
453,," Okay well we ca blame Joe Biden and use him as a scapegoat and then lie to our base, redraw the Ma‚Ä¶ ",StevenDb8386,California ,Donald Trump,California
460,, SCOOP:  obtained documents and a video indicating  apparently made false statements in his swor‚Ä¶,viresethonestas,"Philadadelphia, PA",Donald Trump,Pennsylvania
461,," The Senate minority leader insisted on Thursday that the ex-president is part of the GOP's past, and has no future in Washi‚Ä¶",APF2925,"Georgia, USA",Donald Trump,Georgia
462,,". on Biden's thankless #JointAddress:""The American people know that it was President Donald Trump &amp; O‚Ä¶ ",NatalieJHarp,"California, USA",Donald Trump,California
467,,"  the question is -- does Rudy have proof of that, though?",sheltgarner,"Richmond, Virginia",Donald Trump,Virginia
470,," Search Warrants Move Feds Closer to Charging Giuliani. Will Rudy Flip on Bill Barr, Donald Trump, others? And what wil‚Ä¶",Happy2BNana,"Texas, USA",Donald Trump,Texas
473,," ""What I told him was that Donald Trump doesn't care about anyone or anything, that he will be the next one to be thrown un‚Ä¶",JordanShhh,"Phoenix, AZ",Donald Trump,Arizona
474,, Never forget: Tim Scott was unfailingly loyal to Donald Trump. And is to Mitch McConnell.,WaymackR,Texas,Donald Trump,Texas
476,,"Donald J Trump is not alone in holding that opinion.  While the cosy clique pat each other on the back, the vast ma‚Ä¶ ",JeaniefaetroonJ,Texas,Donald Trump,Texas
480,, Joe Biden is a good president because he is a good person. Donald Trump was a bad president because he is a bad person.‚Ä¶,13thPanther,"Upstate, NY",Donald Trump,New York
483,,"   if we could get proof of what he meant by that statement, well, there yo‚Ä¶ ",sheltgarner,"Richmond, Virginia",Donald Trump,Virginia
484,," Michael Cohen on CNN: ""My parents always told me it's not nice to gloat. But Rudy, I told you so...What I told him is Donald‚Ä¶",JMcCuneRP,"Louisa, VA, USA",Donald Trump,Virginia
496,, We're still uncovering so much about Trump's grifting ,RogeliodaP,"Los Angeles, CA",Donald Trump,California
501,," ""At this point - Biden probably got 8.2 million legal votes - that's how bad this is"" - Missy Crane  ‚Ä¶",WhipperSnacker,South Carolina,Joe Biden,South Carolina
505,, Nicole Kidman portraying Lucille Ball........... is as ridiculous as Joe Biden portraying a President.,poppytim24,"Missouri, USA",Joe Biden,Missouri
510,,"In breaking NFL Draft News, Joe Biden has chosen Colin Kaepernick in the first round.",stranahan,"Sioux Falls, SD",Joe Biden,South Dakota
518,, What makes Joe Biden such a good President is that he's a good man.,POTUS45stinks,"Oregon, USA",Joe Biden,Oregon
519,, Everything Joe Biden says about guns is idiotic.,VACountryBoy94,"Virginia, USA",Joe Biden,Virginia
520,, Joe Biden is a one-term president. Which means he is attempting to ram through everything he can for the sake of his legacy‚Ä¶,HuxleyOvOrwell,"Portland, OR",Joe Biden,Oregon
527,, Show me a gif of how happy you are that you voted for Joe Biden.,KLE1967,"San Antonio, Texas",Joe Biden,Texas
529,,"#JoeBiden #ice #BuildTheWall Joe Biden Rails Against ""Illegals,"" Calls For 700 Mile Borde‚Ä¶ ",bowtiesandlies,"Santa Monica, CA & Seattle, WA",Joe Biden,Washington
531,, Barely 11 million people tuned into Joe Biden's address to congress and we're supposed to believe this man got 81 milli‚Ä¶,Angelemichelle,"New York ,USA üá∫üá∏",Joe Biden,New York
532,," With Joe Biden (not sleepy or in his basement) outlining a bold and vigorous blueprint for American action, I guess some peo‚Ä¶",ChristineGitte6,"California, USA",Joe Biden,California
534,,Senator Ted Cruz passes out during presidential speech. Must have had a long night holding Matt Gaetz's head as he‚Ä¶ ,Joseph_Joe_M,"The Devil's Doorbell, Nevada",Joe Biden,Nevada
535,, Everything Joe Biden says about guns is idiotic.,TroyStrong1,Michigan,Joe Biden,Michigan
543,," Joe Biden couldn‚Äôt address an envelope, let alone a nation.",raisemefish,Iowa,Joe Biden,Iowa
546,," Is it just me, or does Joe Biden not seem popular enough to get 81.2 million votes?",markyOmatic,"Hampton, VA",Joe Biden,Virginia
549,, do y‚Äôall think joe biden is trying to ban newports because he saw this meme ,naeBoutdatlyfe,"Nevada, USA",Joe Biden,Nevada
554,," Always remember: the government has no money of its own. In order for Joe Biden to put a dollar in one person‚Äôs pocket,‚Ä¶",yogi46111752,"Midway, NC",Joe Biden,North Carolina
563,," Joe Biden Suggests Only White Americans Have Bought Homes, Built Equity and Passed Down Wealth Through Generations  https‚Ä¶",davidby67496669,"Manhattan, NY",Joe Biden,New York
566,, Republicans are melting straight the fuck down this morning and throwing shit fits galore because Joe Biden is popular‚Ä¶,HoundsLou,"Colorado, USA",Joe Biden,Colorado
569,," Joe Biden couldn‚Äôt address an envelope, let alone a nation.",JustAtypicalDad,"Knoxville, TN",Joe Biden,Tennessee
573,, Everything Joe Biden says about guns is idiotic.,JohnTho14581919,Louisiana,Joe Biden,Louisiana
577,," When you've actually watched 60--count 'em--60 SOTU addresses (JFK '61 on), you learn that a speech is just a speech, even‚Ä¶",wtfsmooth,Virginia,Joe Biden,Virginia
579,," Credit where it's due, Mark Kelly is absolutely right.Joe Biden didn't mention the crisis at the border once during his‚Ä¶",cbortho,"Hoover, AL",Joe Biden,Alabama
582,, Everything Joe Biden says about guns is idiotic.,theirishmilkman,"Florida, USA",Joe Biden,Florida
583,,TY Joe Biden. ,Trandall72,"Florida, USA",Joe Biden,Florida
584,, Barely 11 million people tuned into Joe Biden's address to congress and we're supposed to believe this man got 81 milli‚Ä¶,EvaRooney5,"New York, USA",Joe Biden,New York
585,, Joe Biden claimed that President Trump didn‚Äôt leave him a vaccine distribution plan. That was a lie. When Biden came into office‚Ä¶,1325alan1,"Ohio, USA",Joe Biden,Ohio
586,, Great speech last night by    While to Republican response reminds Sun Tzu‚Äôs:  Tactics without strategy is the nois‚Ä¶,ThomasFriend4,"Marana, AZ",Joe Biden,Arizona
588,, Tell us you're NOT a  FAN without actually saying you're not a Joe Biden fan. We'll retweet our favorite replies.,jose32738543,"Santa Monica, CA",Joe Biden,California
590,," After four years of Donald Trump, it‚Äôs just laughable to call Joe Biden divisive.",JMcCuneRP,"Louisa, VA, USA",Joe Biden,Virginia
592,,"   sorry. Joe Biden's 'policies' are to the benefit of americans. Ordinary, run-of-the-mill americans. Y‚Ä¶",mybluiis26_beth,"Lake in the Hills, IL",Joe Biden,Illinois
593,, Everything Joe Biden says about guns is idiotic.,ericbaker2,"South Dakota, USA ",Joe Biden,South Dakota
597,, We're 100 days into Joe Biden's term and Hunter Biden still owns stake in a private Chinese equity firm.,Hoodyshit1981,PA,Joe Biden,Pennsylvania
600,,Donald Trump Jr. is Furious That Liz Cheney Fist Bumped Joe Biden Last Night  ,Politics_PR,Minnesota,Joe Biden,Minnesota
602,,  Mr president joe biden i am one of many americans that receives ssi social security income and the recurring mont‚Ä¶,chrisairwolf,"Seattle, WA",Joe Biden,Washington
603,, Joe Biden‚Äôs optimism is contagious. Today I have a case of courage and hope.,KrisPaap,"East of Milwaukee, WI",Joe Biden,Wisconsin
608,," guy who always refers to joe biden as ""joey"" and makes everyone figure out who that is from context",PinkDarkBoy1,"Addis, LA",Joe Biden,Louisiana
610,," SURPRISED?  ‚ÄúWrapping up an outdoor rally in Georgia¬†on Thursday night, a fully vaccinated President Joe Biden¬†spent 30 sec‚Ä¶",Clayconboy1,"Arizona, USA",Joe Biden,Arizona
612,," Joe Biden hasn‚Äôt spoken to a crowd as large as he did last night for a loooong time, so maybe I should cut him some slac‚Ä¶",MagnoliaAHG,"Wisconsin, USA",Joe Biden,Wisconsin
618,," Just like Joe Biden pointed out that ‚ÄúBuild Back Better‚Äù means ‚ÄúBuild Back Better‚Äù, I‚Äôll point out that ‚ÄúShall not be in‚Ä¶",markwoloshin,"Noblesville, Indiana",Joe Biden,Indiana
621,, do y‚Äôall think joe biden is trying to ban newports because he saw this meme ,shaespades,TX,Joe Biden,Texas
623,,"Sean Hannity complains about Joe Biden looking for his mask, even though he's vaccinatedThis is an hour after the‚Ä¶ ",SaskerutheUlt,"New York, USA",Joe Biden,New York
624,," ‚ÄúFor all transgender Americans watching at home, especially young people who are so brave, I want you to know that your‚Ä¶",JaniceAsylum,"Central, PA",Joe Biden,Pennsylvania
625,," Carlson spewing white hot rage on the monster known as Joe Biden.I realize many of you think he‚Äôs crazy, but he‚Äôs not.‚Ä¶",grbonne,"Esko, MN",Joe Biden,Minnesota
630,, Republicans are melting straight the fuck down this morning and throwing shit fits galore because Joe Biden is popular‚Ä¶,kim_molee,"Atlanta, GA",Joe Biden,Georgia
632,, Seriously though. It‚Äôs not just hype.I am extremely grateful to  Biden - not just for the ambitious agenda he‚Äôs‚Ä¶,GoinToCanada,"New Jersey, USA",Joe Biden,New Jersey
633,,Love the photo of First Lady Jill and Hunter Biden! Congratulations on the UN World Programme Board Chairman positi‚Ä¶ ,JulieAnnRacino1,"Rome, New York",Joe Biden,New York
649,, 85% of viewers approve of Biden‚Äôs ideas because those ideas represent governing for the people... they are not about cul‚Ä¶,RomanAntonius,"Pittsburgh, PA",Joe Biden,Pennsylvania
655,, Everything Joe Biden says about guns is idiotic.,Nick4six,"Kentucky, USA",Joe Biden,Kentucky
656,, New: I dove into Biden's fixation with proving democracy works amid the rise of autocraciesHe frames nearly every major iss‚Ä¶,NancySa45944060,"Webster Groves, MO",Joe Biden,Missouri
659,," Joe Biden used the word, ‚Äúinvest‚Äù 15 times last night. He used the word, ‚Äúfreedom‚Äù once. Ladies and Gents, that‚Äôs all yo‚Ä¶",tonyprito1972,"Minnesota, USA",Joe Biden,Minnesota
660,, Everything Joe Biden says about guns is idiotic.,football_fish,"Florida, USA",Joe Biden,Florida
665,," A Historical and Honorable Moment for WomenPresident Joe Biden: ‚ÄúThank you, Madame Speaker and Madame Vice President,""‚Ä¶",NoodleOnIt,Florida,Joe Biden,Florida
670,,"  Now we can say ""Joe Walsh is talking about Rudy Giuliani, Tucker Carlson and Hunter B‚Ä¶ ",tac_token,"Denver, CO",Joe Biden,Colorado
672,, Trump lawyer Michael Cohen: Convicted.Trump lawyer Rudy Giuliani: Raided.Trump lawyer Sidney Powell: Denounced her own argu‚Ä¶,DeanAmerican,"Illinois, USA",Joe Biden,Illinois
674,,Donald Trump Jr. is Furious That Liz Cheney Fist Bumped Joe Biden Last Night  via ,voteblue8888,"Washington, DC",Joe Biden,Washington
677,," At the age of 78, Joe Biden became president and David Cronenberg finally got the green light to make a new movie. #RespectYo‚Ä¶",ZSharf,"New York, NY",Joe Biden,New York
684,, Joe Biden is a one-term president. Which means he is attempting to ram through everything he can for the sake of his legacy‚Ä¶,teeisme1,"Sherrills Ford, NC, USA",Joe Biden,North Carolina
687,, If I kill myself my blood is on Joe Biden's hands for dis one,mondovideos,"Chicago, IL",Joe Biden,Illinois
700,,How pathetic Joe Biden outside having a car rally in Georgia cannot find his mask. He‚Äôs been vaccinated worried abo‚Ä¶ ,grandpatoby,North Carolina,Joe Biden,North Carolina
703,," Never forget that Joe Biden pretty much destroyed Giuliani by saying he was just ""a noun, a verb, and 9/11."" #inners",lula_reh,"Minnesota, USA",Joe Biden,Minnesota
711,, Joe Biden‚Äôs optimism is contagious. Today I have a case of courage and hope.,rhapsodynbloom,"West Melbourne, FL",Joe Biden,Florida
713,," Is it just me, or does Joe Biden not seem popular enough to get 81.2 million votes?",iahn_walkerB,"Danville, VA",Joe Biden,Virginia
715,, Joe Biden's first 100 days:- Southern border opened- Small businesses closed- Students out of class- National Guard a‚Ä¶,ANGIETRUMP1,"Florida, USA",Joe Biden,Florida
720,, Proudly voted for President Joe Biden. Who's with me? #100DaysOfBiden,WJWhitehouseNH,"Berlin, NH",Joe Biden,New Hampshire
721,, Everything Joe Biden says about guns is idiotic.,cervantes242,"Fort Worth, TX",Joe Biden,Texas
722,, Joe Biden is outlining socialism! Wake the Hell Up America!!!,RogerDodger426,"Tennessee, USA",Joe Biden,Tennessee
723,,The same people blaming Joe Biden and Stacey Abrams for  pulling the All-Star Game from Atlanta are the ones wh‚Ä¶ ,JonGargis,"Atlanta, GA",Joe Biden,Georgia
726,,Is it me or does Joe Biden sound more lucid?  #Hannity,anxietyman2,"Near Blue Island, IL",Joe Biden,Illinois
728,, Everything Joe Biden says about guns is idiotic.,mdlUK1,"Kentucky, USA",Joe Biden,Kentucky
734,, We're 100 days into Joe Biden's term and Hunter Biden still owns stake in a private Chinese equity firm.,cheftynelson,"St Petersburg, FL",Joe Biden,Florida
738,," Joe Biden Suggests Only White Americans Have Bought Homes, Built Equity and Passed Down Wealth Through Generations  https‚Ä¶",Willsdarlin,"Washington, USA",Joe Biden,Washington
739,," Joe Biden Suggests Only White Americans Have Bought Homes, Built Equity and Passed Down Wealth Through Generations  https‚Ä¶",SIGINTJoeBlack,Virginia,Joe Biden,Virginia
746,, We went from Melania swatting the former guy‚Äôs hand away to Joe Biden picking a flower for his First Lady #100DaysOfBiden h‚Ä¶,madzASF,"Boston, MA",Joe Biden,Massachusetts
753,, We're 100 days into Joe Biden's term and Hunter Biden still owns stake in a private Chinese equity firm.,RuthHalleran,"HI NC, Pitt PA, Gwd SC, CA, NH",Joe Biden,New Hampshire
756,," Joe Biden hasn‚Äôt spoken to a crowd as large as he did last night for a loooong time, so maybe I should cut him some slac‚Ä¶",JeepFreedom,Florida ,Joe Biden,Florida
757,, President Joe Biden picks a dandelion for First Lady Jill Biden as they walk to Marine One en route to Georgia earlier‚Ä¶,MichaelHaslange,"Phoenix, AZ",Joe Biden,Arizona
758,, Everything Joe Biden says about guns is idiotic.,Adamlyon25,"Las Vegas, NV",Joe Biden,Nevada
759,," With Joe Biden (not sleepy or in his basement) outlining a bold and vigorous blueprint for American action, I guess some peo‚Ä¶",garpel1949,"BRENTWOOD, LOS ANGELES, CA",Joe Biden,California
766,,Joe and Jill Biden...the new SNL comedy team!#WheresMyMask?,Truthfeed7,"Ohio, USA",Joe Biden,Ohio
767,," With Joe Biden (not sleepy or in his basement) outlining a bold and vigorous blueprint for American action, I guess some peo‚Ä¶",LynxMediaLLC,"Las Vegas, NV",Joe Biden,Nevada
769,," Carlson spewing white hot rage on the monster known as Joe Biden.I realize many of you think he‚Äôs crazy, but he‚Äôs not.‚Ä¶",beta_user1,"Milwaukee, WI",Joe Biden,Wisconsin
780,, President Joe Biden picks a dandelion for First Lady Jill Biden from White House lawn ,madisonshawnn,"Oregon, USA",Joe Biden,Oregon
782,," Honor and decency have returned to the White House and America is on the move!Thank You, Joe Biden  #100Days‚Ä¶",NanciAma,"New Jersey, USA",Joe Biden,New Jersey
783,, I was on YouTube  watching some  Videos on there Channel look at their Perspective on this‚Ä¶ ,Detrocker2264,Michigan,Joe Biden,Michigan
784,," Rep.  says President Joe Biden's speech to Congress this week ""was an explicit rejection of the neoliberal frame‚Ä¶",Rayperez88,"San Francisco, CA",Joe Biden,California
789,,"‚ÄúAll transgender people watching this speech, especially young ones, I want you to know your president has your bac‚Ä¶ ",phearlissdreama,"Los Angeles, CA",Joe Biden,California
791,," Wednesday, the Senate voted to reverse the Trump administration's rollback of a crucial Obama-era climate regulation, del‚Ä¶",NoodleOnIt,Florida,Joe Biden,Florida
795,, Ted Cruz slept through Joe Biden's Capitol speech because he prefers Capitol events with a little more incitement.,pcox68,"Virginia, USA",Joe Biden,Virginia
801,," As a Georgia-10 voter, I'm grateful to have Joe Biden as our President.He is doing an excellent‚Ä¶ ",Daffodi12,"Georgia, United States",Joe Biden,Georgia
802,, What makes Joe Biden such a good President is that he's a good man.,greenrazor37,"Largo, Florida, United States",Joe Biden,Florida
803,," With Joe Biden (not sleepy or in his basement) outlining a bold and vigorous blueprint for American action, I guess some peo‚Ä¶",KEM798,California,Joe Biden,California
804,, Everything Joe Biden says about guns is idiotic.,WegerLeslie,"Northern, AZ",Joe Biden,Arizona
805,, We went from Melania swatting the former guy‚Äôs hand away to Joe Biden picking a flower for his First Lady #100DaysOfBiden,briannajobin,"Pelham, NH",Joe Biden,New Hampshire
811,, Republicans are melting straight the fuck down this morning and throwing shit fits galore because Joe Biden is popular‚Ä¶,sensei328,"Kailua Kona, HI",Joe Biden,Hawaii
812,," President Joe Biden visited Jimmy Carter in tiny Plains, Georgia, bringing together the oldest sitting president and the longest-li‚Ä¶",PattiUSBLUE,IL,Joe Biden,Illinois
814,, It‚Äôs clear that Republicans hold Joe Biden to standards that Trump never even came close to meeting.,windycitygirl58,"Beverly, MA",Joe Biden,Massachusetts
817,," Joe Biden has a net positive approval rating with the American people, but negative stories outnumber the positive by a 9‚Ä¶",randalldrew,"Bedford, NH",Joe Biden,New Hampshire
819,,"Proverbs 12:17 - ‚ÄúA truthful witness gives honest testimony, but a false witness tells lies.‚Äùüëç Hunter &amp; Joe love Ch‚Ä¶ ",sawyer_randa,"Arizona, USA",Joe Biden,Arizona
820,,"  But in the end, Joe Biden will eliminate child poverty once and for all?",jkgaspar4994,"Sioux Falls, SD",Joe Biden,South Dakota
821,, Republicans are melting straight the fuck down this morning and throwing shit fits galore because Joe Biden is popular‚Ä¶,decenthuman99,CT,Joe Biden,Connecticut
826,, Republicans are melting straight the fuck down this morning and throwing shit fits galore because Joe Biden is popular‚Ä¶,BrwnEyesGrl0319,AZ,Joe Biden,Arizona
829,,"Pence did not discuss his own presidential ambitions during a 30-minute speech, spending more time talking about GO‚Ä¶ ",usatodayDC,"Washington, D.C.",Joe Biden,Washington
830,,Thank you President Joe Biden &amp; Vice-President Kamala Harris. #100DaysWithBiden #ThankYouJoe #ThankyouKamala‚Ä¶ ,Kimmy2858,"Murrieta, CA",Joe Biden,California
831,," ‚ÄúFor all transgender Americans watching at home, especially young people who are so brave, I want you to know that your‚Ä¶",GoinToCanada,"New Jersey, USA",Joe Biden,New Jersey
834,," Joe Biden: ""We Have to do More Than Just Build Back Better. We Have to Build Back Better.‚Äùüí£üí£üí£üí£üí£üí£üí£üí£81 million votes f‚Ä¶",DiscardedVirtue,Texas,Joe Biden,Texas
842,,"Senator  is just making sh*t up again, thinks her constituents are stupid enough to buy it. ",Joseph_Joe_M,"The Devil's Doorbell, Nevada",Joe Biden,Nevada
843,," Joe Biden repeating ""healthcare should be a right"" is like someone saying you should have a right to not be beaten with a c‚Ä¶",Briankmcneal,"Washington, DC",Joe Biden,Washington
844,, Joe Biden is:Fully vaccinated. ‚úÖIgnoring CDC guidance: ‚úÖVirtue signaling to his base: ‚úÖWants to control the American p‚Ä¶,calfit32,"Palm Springs, CA",Joe Biden,California
845,," Always remember: the government has no money of its own. In order for Joe Biden to put a dollar in one person‚Äôs pocket,‚Ä¶",Amy87301394,"Michigan, USA",Joe Biden,Michigan
847,," I know he was the first choice of few people. I‚Äôm aware he was supposed to be a transitional leader. But quietly, quickly,‚Ä¶",bbingnear,"Melbourne, FL",Joe Biden,Florida
852,,"President Biden tells  that he doesn't think that Americans are racist, but African Americans are ""behi‚Ä¶ ",NBCBLK,"New York, NY",Joe Biden,New York
854,," Rep.  says President Joe Biden's speech to Congress this week ""was an explicit rejection of the neoliberal frame‚Ä¶",JEEVANZUTSHI,"Fremont, California",Joe Biden,California
856,," On this day after President Joe Biden‚Äôs address to a joint session of Congress, Wall Street was happy. The S&amp;P 500 closed‚Ä¶",theshadow_2020,"San Francisco, California",Joe Biden,California
857,," Republicans are having such a hard time figuring out Joe Biden.Caring, compassion, and empathy are such foreign conce‚Ä¶",jcmarbury,"Shaker Heights, OH",Joe Biden,Ohio
863,," Why can Joe Biden come to Georgia, but MLB baseball can‚Äôt? It‚Äôs because Joe Biden is just another liberal hypocrite.",4KuhaylanArabia,"Texas, USA",Joe Biden,Texas
867,," Joe Biden's ratings are quite bad. The problem? The brand propaganda (""Mr Unity"") bears no resemblance to the actual obser‚Ä¶",DwbirdDee,New Jersey,Joe Biden,New Jersey
869,, Everything Joe Biden says about guns is idiotic.,AvalancheSLM,"Texas, USA",Joe Biden,Texas
870,," ‚ÄúAll transgender people watching this speech, especially young ones, I want you to know your president has your back!‚Äù-J‚Ä¶",phearlissdreama,"Los Angeles, CA",Joe Biden,California
871,," Confused, fully vaccinated Joe Biden desperately looks for his lost mask while outside ",JeremiahWOLBI,Colorado,Joe Biden,Colorado
875,, Everything Joe Biden says about guns is idiotic.,Monsters2017,"Arizona, USA",Joe Biden,Arizona
880,, Ambassador to the Holy City? Pro-life?  Who knows????Fetal tissue harvested from elective abort‚Ä¶,SpotdogWright,"Tennessee, USA",Joe Biden,Tennessee
882,, Joe Biden showing love to Senators Ossoff and Warnock in Georgia today! Democrats don‚Äôt control the US Senate without th‚Ä¶,GabbieKDrice,"Florida, USA",Joe Biden,Florida
884,," Honor and decency have returned to the White House and America is on the move!Thank You, Joe Biden  #100Days‚Ä¶",FekratRanna,"Anchorage, AK",Joe Biden,Alaska
887,, Show me a gif of how happy you are that you voted for Joe Biden.,Artistwhodreams,"Syracuse, NY",Joe Biden,New York
902,," If you're trans, Joe Biden HAS your BACK. He RESPECTS you and your RIGHTS. He thinks you're BRAVE to endure having to beg your‚Ä¶",Maddy_Cafe,"Lebanon, NH",Joe Biden,New Hampshire
916,," Joe Biden Suggests Only White Americans Have Bought Homes, Built Equity and Passed Down Wealth Through Generations  https‚Ä¶",DownByTheBrooke,Nevada,Joe Biden,Nevada
922,," Biden ""didn't campaign in a way that created a mandate for what he's doing...make 2022 a check-and-balance election: a ch‚Ä¶",Mightymouth5413,"Florida, USA",Joe Biden,Florida
925,," Rep.  says President Joe Biden's speech to Congress this week ""was an explicit rejection of the neoliberal frame‚Ä¶",RoKhanna,"Silicon Valley, CA",Joe Biden,California
929,," ""Weeks before the election, President Trump declared, ‚Äúwe will go into a depression‚Äù if Joe Biden won. 100 days in and th‚Ä¶",shelleycourter,"Seattle, WA",Joe Biden,Washington
932,, Today is day 100 of Joe Biden's administration.I am still waiting on the jobs he promised to laid off Keystone XL pi‚Ä¶,ANGIETRUMP1,"Florida, USA",Joe Biden,Florida
933,, When someone like Joe Biden is your last resort and only hope you know your days are numbered.,DavidTh00164480,"California, USA",Joe Biden,California
936,, Everything Joe Biden says about guns is idiotic.,djcornell88,"Lexington, MA",Joe Biden,Massachusetts
937,, Ted Cruz slept through Joe Biden's Capitol speech because he prefers Capitol events with a little more incitement.,buzzflash,"Chicago, Illinois",Joe Biden,Illinois
940,," Rep.  says President Joe Biden's speech to Congress this week ""was an explicit rejection of the neoliberal frame‚Ä¶",IVCLisaSolomon,"Brawley, CA",Joe Biden,California
948,," Always remember: the government has no money of its own. In order for Joe Biden to put a dollar in one person‚Äôs pocket,‚Ä¶",raisemefish,Iowa,Joe Biden,Iowa
949,, Republicans are melting straight the fuck down this morning and throwing shit fits galore because Joe Biden is popular‚Ä¶,zoequinnmacy,"Portland, OR",Joe Biden,Oregon
953,," üç¶ LISTEN UP, JACK üç¶Today is Joe Biden's 100th day as President with a majority in both the House and Senate. Here i‚Ä¶",LpsdlwyerW,"Indiana, USA",Joe Biden,Indiana
956,," Always remember: the government has no money of its own. In order for Joe Biden to put a dollar in one person‚Äôs pocket,‚Ä¶",MagaMn45,"Minnesota, USA",Joe Biden,Minnesota
961,, Rosalynn Carter looks on from her front porch as President Joe Biden and First Lady Dr. Jill Biden depart her home after‚Ä¶,SeaIslandBlue,"Beaufort, SC",Joe Biden,South Carolina
962,, do y‚Äôall think joe biden is trying to ban newports because he saw this meme ,BuildingOurPwr,"Memphis, TN",Joe Biden,Tennessee
964,, Why hasn‚Äôt Joe Biden thanked Dolly Parton for the vaccine?,MarjorieHoard,"Tennessee, USA",Joe Biden,Tennessee
969,, Joe Biden's massive tax hikes are bad news for an already fragile economy.Increasing the tax burden will only discourage inv‚Ä¶,noangel5663,"Texas, USA",Joe Biden,Texas
970,, When someone like Joe Biden is your last resort and only hope you know your days are numbered.,davidby67496669,"Manhattan, NY",Joe Biden,New York
973,, Joe Biden Gives Abortion Industry $467.8 BillionIt is unimaginable how many babies are going to be murdered due to t‚Ä¶,CaroleUnderwoo4,"Houston, Texas",Joe Biden,Texas
976,," Republicans are having such a hard time figuring out Joe Biden.Caring, compassion, and empathy are such foreign conce‚Ä¶",RaeRubio1,"California, USA",Joe Biden,California
979,, Everything Joe Biden says about guns is idiotic.,1776Fightr,"Florida, USA",Joe Biden,Florida
980,, Rudy Giuliani is Joe Biden's opponent in the same way that a dog barking at my car as I drive past is mine.,tungwene,"Seattle, WA",Joe Biden,Washington
982,, Everything Joe Biden says about guns is idiotic.,JebLadat,"Springfield, IL",Joe Biden,Illinois
983,, Nicole Kidman portraying Lucille Ball........... is as ridiculous as Joe Biden portraying a President.,KennInwood,"New Jersey, USA",Joe Biden,New Jersey
985,, hey joe biden.... ,RyanPerl,"Attica, NY ‚û°Ô∏è Old Forge, NY",Joe Biden,New York
986,, The Republican Party is really in no position to oppose what Joe Biden proposed last night because the Republican Party i‚Ä¶,kanani1729,"California, USA",Joe Biden,California
987,," Honor and decency have returned to the White House and America is on the move!Thank You, Joe Biden  #100Days‚Ä¶",Qua1Neal,"Oklahoma, USA",Joe Biden,Oklahoma
994,," Joe Biden Suggests Only White Americans Have Bought Homes, Built Equity and Passed Down Wealth Through Generations  https‚Ä¶",JRG4_,"Orlando, FL",Joe Biden,Florida
996,," Is it just me, or does Joe Biden not seem popular enough to get 81.2 million votes?",Doctr__Wang,Texas,Joe Biden,Texas
999,, I absolutely LOVE Congresswoman Boebert! We need more Members of Congress like her! ,____devnull,Texas,Joe Biden,Texas
,geo,text,user,location,Subject,state
2,,  So Greenberg offered Stone $250k in essentially untraceable currency to intervene on hi‚Ä¶ ,bchadhill,"New Orleans, LA",Donald Trump,Louisiana
7,," Search Warrants Move Feds Closer to Charging Giuliani. Will Rudy Flip on Bill Barr, Donald Trump, others? And what wil‚Ä¶",Diana_Chumley,"Tennessee, USA",Donald Trump,Tennessee
11,," Propaganda media behaved, relentlessly, as if basic human decency was unacceptable when it came to how to treat Donald Tru‚Ä¶",Desertgramma1,"Arizona, USA",Donald Trump,Arizona
13,, This could be the lead-in every day:  Donald Trump Jr. is Furious That ________________,martyq01,New Jersey,Donald Trump,New Jersey
16,," Donald Trump, twice impeached, criminal activities throughout his four years, fascism, racism, sexism, narcissism. It all‚Ä¶",rradgoski,"Scranton, PA",Donald Trump,Pennsylvania
19,, Donald Trump and Ron DeSantis will not be on the ticket in 2024; they will be sharing a cell with Matt Gaetz and Rudy Giulia‚Ä¶,HoundsLou,"Colorado, USA",Donald Trump,Colorado
21,," Donald Trump said     ""Lock her up""and did nothingBiden said      ""Return to normalcy""and is now persecuting his polit‚Ä¶",Jakeyman1997,"Nicholasville, KY",Donald Trump,Kentucky
22,, Stop falling for Donald Trump's marketing ploys.He is so desperate for the attention.Don't quote him.Don't retweet hi‚Ä¶,GlendaEnglish17,"Texas, USA",Donald Trump,Texas
23,, Donald Trump and Ron DeSantis will not be on the ticket in 2024; they will be sharing a cell with Matt Gaetz and Rudy Giulia‚Ä¶,sensei328,"Kailua Kona, HI",Donald Trump,Hawaii
25,, FBI raids Donald Trump's lawyer Victoria Toensing's office and appartment in investigation of alleged dealings in Ukrain‚Ä¶,Mr_____sex,"DeLand, FL",Donald Trump,Florida
27,," Michael Cohen on CNN: ""My parents always told me it's not nice to gloat. But Rudy, I told you so...What I told him is Donald‚Ä¶",KrisPaap,"East of Milwaukee, WI",Donald Trump,Wisconsin
29,," In  tele-town hall with , Donald Trump reiterates his endorsement of Wright and calls the decis‚Ä¶",BudKennedy,"Fort Worth, Texas",Donald Trump,Texas
30,," Michael Cohen on CNN: ""My parents always told me it's not nice to gloat. But Rudy, I told you so...What I told him is Donald‚Ä¶",beatlebabe49,"Garden Grove, CA",Donald Trump,California
43,," ""If I wasn't president, we wouldn't have a vaccine."" -Former President Donald J. Trump #MWM",Candace21437099,"North Carolina, USA",Donald Trump,North Carolina
47,," After four years of Donald Trump, it‚Äôs just laughable to call Joe Biden divisive.",JMcCuneRP,"Louisa, VA, USA",Donald Trump,Virginia
49,, I would love to see Donald Trump on  . That would be a heck of a show to watch.,Mjaez1978,"Kentucky, USA",Donald Trump,Kentucky
54,," Watching the recent news lately &amp; connecting a few things, I predict that the United States Department of Justice will‚Ä¶",jcmarbury,"Shaker Heights, OH",Donald Trump,Ohio
55,,Donald Trump Jr. is Furious That Liz Cheney Fist Bumped Joe Biden Last Night  ,Politics_PR,Minnesota,Donald Trump,Minnesota
56,, Donald Trump and Ron DeSantis will not be on the ticket in 2024; they will be sharing a cell with Matt Gaetz and Rudy Giulia‚Ä¶,Chrysta04934764,"Sacramento, CA",Donald Trump,California
58,," Search Warrants Move Feds Closer to Charging Giuliani. Will Rudy Flip on Bill Barr, Donald Trump, others? And what wil‚Ä¶",Johndnolan4884,"St Petersburg, FL",Donald Trump,Florida
62,," Watching the recent news lately &amp; connecting a few things, I predict that the United States Department of Justice will‚Ä¶",KrisPaap,"East of Milwaukee, WI",Donald Trump,Wisconsin
64,, (üÜö) BREAKING: Donald Trump is the most infamous and unrepentant serial federal witness tamperer in American history‚ÄîComey‚Ä¶,HenslerKate,"Kentucky, USA",Donald Trump,Kentucky
66,,"""The letter, which  recently obtained, was written after Greenberg asked Roger Stone to help him secu‚Ä¶ ",JuanSaaa,"Washington, DC",Donald Trump,Washington
67,, . Kevin McCarthy wants us to forget what we all know is true: Donald Trump unleashed a mob to attack the Unit‚Ä¶,nursevictoria11,"Phoenix, AZ",Donald Trump,Arizona
69,," ""Liz Cheney is ahead of the curve... Donald Trump I believe in the coming future, as the Democrats get more and more wind i‚Ä¶",mccuebillie,"Olympia, WA",Donald Trump,Washington
73,," . on Biden's thankless #JointAddress:""The American people know that it was President Donald Trump &amp; Operati‚Ä¶",SeStefanec,"Ilion, NY",Donald Trump,New York
75,, It took President Biden to help fix Flints water issues. Fuck Donald Trump.  ,thepheshow,New York,Donald Trump,New York
82,,Donald Trump Jr. is Furious That Liz Cheney Fist Bumped Joe Biden Last Night  via ,voteblue8888,"Washington, DC",Donald Trump,Washington
83,," Watching the recent news lately &amp; connecting a few things, I predict that the United States Department of Justice will‚Ä¶",Ocelot55134969,"Arizona, USA",Donald Trump,Arizona
85,," Michael Cohen on CNN: ""My parents always told me it's not nice to gloat. But Rudy, I told you so...What I told him is Donald‚Ä¶",ThomasFriend4,"Marana, AZ",Donald Trump,Arizona
86,, Donald Trump and Ron DeSantis will not be on the ticket in 2024; they will be sharing a cell with Matt Gaetz and Rudy Giulia‚Ä¶,ConnieRadler,"Ramona, CA",Donald Trump,California
90,," ""What I told him was that Donald Trump doesn't care about anyone or anything, that he will be the next one to be thrown un‚Ä¶",jotitaleo,"Cape Cod, MA ",Donald Trump,Massachusetts
91,,Donald Trump on 911  via ,WaVyDaVy69,"Aqua, Florida, USA",Donald Trump,Florida
95,,"   Liz really caved the Republican Party is no more,  there are not anymore leaders left‚Ä¶ ",MarieFlemings,"Chicago, IL",Donald Trump,Illinois
101,," Watching the recent news lately &amp; connecting a few things, I predict that the United States Department of Justice will‚Ä¶",pistolstrikesbk,"Silicon Valley,  CA",Donald Trump,California
111,, Doesn't matter how you slice it; 2020's surge in voter turnout was led by young #GenZ and #millennial voters.Without them‚Ä¶,WeBeHealthy,"Thompsonville, MI",Donald Trump,Michigan
119,,"  they should, but probably won't for political reasons.",sheltgarner,"Richmond, Virginia",Donald Trump,Virginia
122,," THE INSIDE STORY OF TRUMP‚ÄôS MONEY MANAllen Weisselberg, the steely financial sentry at the Trump Organization now in the‚Ä¶",Juliet_notRomeo,"California, USA",Donald Trump,California
123,, . Kevin McCarthy wants us to forget what we all know is true: Donald Trump unleashed a mob to attack the Unit‚Ä¶,KMamaBear03,"Boulder, Colorado",Donald Trump,Colorado
125,,"Pence did not discuss his own presidential ambitions during a 30-minute speech, spending more time talking about GO‚Ä¶ ",usatodayDC,"Washington, D.C.",Donald Trump,Washington
140,, It took President Biden to help fix Flints water issues. Fuck Donald Trump.  ,BillySh87855549,"Altamonte Springs, FL",Donald Trump,Florida
142,," Propaganda media behaved, relentlessly, as if basic human decency was unacceptable when it came to how to treat Donald Tru‚Ä¶",Stumpy64512180,"Alabama, USA",Donald Trump,Alabama
145,," Search Warrants Move Feds Closer to Charging Giuliani. Will Rudy Flip on Bill Barr, Donald Trump, others? And what wil‚Ä¶",Nancabell,"Minnesota, USA",Donald Trump,Minnesota
147,," Michael Cohen on CNN: ""My parents always told me it's not nice to gloat. But Rudy, I told you so...What I told him is Donald‚Ä¶",NickB09121299,"Vero Beach, FL",Donald Trump,Florida
150,, James Gandolfini and Edie Falco reportedly shot a secret ‚ÄòSopranos‚Äô short film to try and convince LeBron James to sig‚Ä¶,Nickgetsbucketz,"Montclair, NJ",Donald Trump,New Jersey
153,,"       ""Letter written by J‚Ä¶ ",jerichodav,"New York, USA",Donald Trump,New York
156,, Checking out the former guy‚Äôs apprentice in South Carolina. ‚ÄúI‚Äôd like to say thank you for the privilege of serving with Pres‚Ä¶,joanbushur,Missouri,Donald Trump,Missouri
158,, These new numbers show that Donald Trump really is finished  via . Bye-bye Asshole:,tuckerdemps,"New Orleans, LA",Donald Trump,Louisiana
162,," Watching the recent news lately &amp; connecting a few things, I predict that the United States Department of Justice will‚Ä¶",GulliAz,"California, USA",Donald Trump,California
167,,  Lol. You bring up Donald Trump who is not even in any office. Poor thing you can‚Äôt handle‚Ä¶ ,cherylwoofter,"Memphis, Tennessee",Donald Trump,Tennessee
168,," Propaganda media behaved, relentlessly, as if basic human decency was unacceptable when it came to how to treat Donald Tru‚Ä¶",ChasD3,Arizona,Donald Trump,Arizona
177,," Republicans: ‚ÄúJust because Donald Trump doesn‚Äôt go to church, accept Jesus Christ as his Lord and Savior, or follow any‚Ä¶",LEngelhorn,Oklahoma,Donald Trump,Oklahoma
179,," Propaganda media behaved, relentlessly, as if basic human decency was unacceptable when it came to how to treat Donald Tru‚Ä¶",vickib501,Alabama,Donald Trump,Alabama
181,," Michael Cohen on CNN: ""My parents always told me it's not nice to gloat. But Rudy, I told you so...What I told him is Donald‚Ä¶",SeaIslandBlue,"Beaufort, SC",Donald Trump,South Carolina
182,," ‚ÄúWhile Mike Pompeo was secretary of state and advising Donald Trump, Biden climate czar and former Secretary of State John‚Ä¶",OldPrague,"Beverly Hills, CA",Donald Trump,California
183,,  I'm glad..and gave u a heart for your tweet that u will be respectful...but he is so much mor‚Ä¶ ,Stephenvette,"Denver, CO",Donald Trump,Colorado
187,," Joe Biden's first ever address to Congress as President drew an abysmal 11.6 million viewers.For comparison, Donald Trump's la‚Ä¶",davidbrod517,"New Jersey, USA",Donald Trump,New Jersey
192,," Mike Pence praised Trump and attacked Biden in his first public speech since leaving office, but he stayed silent about what‚Ä¶",RyanCla86684429,"Miami, FL",Donald Trump,Florida
194,," Mike Pence praised Trump and attacked Biden in his first public speech since leaving office, but he stayed silent about what‚Ä¶",CraigHarrisUSAT,"Phoenix, Arizona",Donald Trump,Arizona
198,," Watching the recent news lately &amp; connecting a few things, I predict that the United States Department of Justice will‚Ä¶",ArgusC,"California, USA",Donald Trump,California
199,," Propaganda media behaved, relentlessly, as if basic human decency was unacceptable when it came to how to treat Donald Tru‚Ä¶",dcatlin,"San Diego, CA",Donald Trump,California
200,," Michael Cohen on CNN: ""My parents always told me it's not nice to gloat. But Rudy, I told you so...What I told him is Donald‚Ä¶",redhead1012,"Bettendorf, IA",Donald Trump,Iowa
205,," Permanently banning its most famous user, Donald Trump, and cracking down on the postings of right-wing figures does not appea‚Ä¶",Bookflip,"Providence, Rhode Island",Donald Trump,Rhode Island
209,,"Very, very unfair.üòèüòèüòè ",ElizabethMaiel7,"Allegany, NY",Donald Trump,New York
225,," Hours after Donald Trump called on Republicans to oust Senate GOP Leader Mitch McConnell, McConnell was asked if he wo‚Ä¶",ChuckRhodes15,"The Woodlands, TX",Donald Trump,Texas
227,," Watching the recent news lately &amp; connecting a few things, I predict that the United States Department of Justice will‚Ä¶",chirico_sara,"Virginia, USA",Donald Trump,Virginia
228,," Propaganda media behaved, relentlessly, as if basic human decency was unacceptable when it came to how to treat Donald Tru‚Ä¶",BobbyJoeFrankl1,"North Carolina, USA",Donald Trump,North Carolina
237,, TRUMP-DeSANTIS 2024? Donald Trump ‚ÄòConsidering‚Äô Florida Governor as Potential Running-Mate ,newyorker1010,Florida,Donald Trump,Florida
239,, BREAKING: Andrew Giuliani just might be an even bigger moron than Donald #Trump Jr...,Sch531,"Atlanta, GA",Donald Trump,Georgia
240,," So you‚Äôre saying that Donald Trump‚Äôs DOJ did that? If so, you must be in deep trouble.",BrianOFahey1,"Washington, DC",Donald Trump,Washington
244,, Jan 6 was far more threatening to the American experiment than Sept 11 could ever have been. The (mainly) Saudi hijackers cou‚Ä¶,ChristaAllan,"Madison, MS",Donald Trump,Mississippi
245,, Donald Trump administration and  created the real border crisis.,Mnative13,Michigan,Donald Trump,Michigan
250,," Search Warrants Move Feds Closer to Charging Giuliani. Will Rudy Flip on Bill Barr, Donald Trump, others? And what wil‚Ä¶",Stevens18Clint,"Near the Columbia Airport, SC",Donald Trump,South Carolina
252,, ... was Donald J. Trump. Hands down.,JumpintraxJack,"Vail, AZ",Donald Trump,Arizona
257,," Donald trump has poked the bear. He may have control over the josh, Ted, Matt and Johnson‚Äôs , but not Mitch.",Barbtomko1,"Chicago, IL",Donald Trump,Illinois
258,,Donald Trump Jr. Comes For Rep. Liz Cheney After She Fist-Bumps President Biden  ,OurProgressive,"San Francisco, CA",Donald Trump,California
260,,Not a supporter of Donald J Trump  ,mymoneyisup,Michigan ,Donald Trump,Michigan
262,,"Donald Trump Reacts to ""BIG Victory"" in Struggle for Election Transparency in Arizona ",Rightwinger65,"Lake Forest, IL",Donald Trump,Illinois
270,," Propaganda media behaved, relentlessly, as if basic human decency was unacceptable when it came to how to treat Donald Tru‚Ä¶",UBRox1,"Ames, IA",Donald Trump,Iowa
272,," ü§ö - however, biden is a real leader but ONLY for a Communist Nation or Criminal Organization.  [We NEED‚Ä¶ ",DanielTravers77,"Cortlandt-Peekskill, New York",Donald Trump,New York
276,," Donald Trump, twice impeached, criminal activities throughout his four years, fascism, racism, sexism, narcissism. It all‚Ä¶",mattpierce1970,"Lansing, MI",Donald Trump,Michigan
300,," Permanently banning its most famous user, Donald Trump, and cracking down on the postings of right-wing figures does not appea‚Ä¶",Dr_CorbinCWong,"New York, NY",Donald Trump,New York
301,," Michael Cohen on CNN: ""My parents always told me it's not nice to gloat. But Rudy, I told you so...What I told him is Donald‚Ä¶",fillagainb,"Lafayette, Louisiana",Donald Trump,Louisiana
302,," Permanently banning its most famous user, Donald Trump, and cracking down on the postings of right-wing figures does not appea‚Ä¶",freddykills,New Jersey,Donald Trump,New Jersey
308,, Trump Says Raid On Giuliani‚Äôs Apartment Is Like Nothing Anyone ‚ÄòHas Ever Seen Before‚Äô ,JodyHal77671115,"Oklahoma City, OK",Donald Trump,Oklahoma
309,,   So you must‚Äôve hated Donald Trump? Because he was the most pro-Zionist president of all time.,ComradeIslam,"Bucktown, NYC ‚û°Ô∏è Bay Area, CA",Donald Trump,California
312,," Michael Cohen on CNN: ""My parents always told me it's not nice to gloat. But Rudy, I told you so...What I told him is Donald‚Ä¶",rhapsodynbloom,"West Melbourne, FL",Donald Trump,Florida
319,," . on Biden's thankless #JointAddress:""The American people know that it was President Donald Trump &amp; Operati‚Ä¶",MarkMeadows,"Washington, DC",Donald Trump,Washington
325,,It took President Biden to help fix Flints water issues. Fuck Donald Trump.  ,DetroitSteel_,"Detroit, MI",Donald Trump,Michigan
326,," Michael Cohen on CNN: ""My parents always told me it's not nice to gloat. But Rudy, I told you so...What I told him is Donald‚Ä¶",rubydiana,"South Carolina, USA",Donald Trump,South Carolina
329,," Donald Trump, twice impeached, criminal activities throughout his four years, fascism, racism, sexism, narcissism. It all‚Ä¶",gangster_kitty,"Alvin, TX",Donald Trump,Texas
331,," Fist-bumping GOP Rep. Liz Cheney ""comes from a time and place when the GOP wasn‚Äôt entirely made up of reactionary asshat‚Ä¶",LyleWanda,"North Las Vegas, Nevada ",Donald Trump,Nevada
332,, Donald Plays His Trump Card On Joe‚Äôs Speech ‚Äì He Accuses Biden Of Being ‚ÄòVery Ungracious‚Äô For Giving Him No Credit for Vaccin‚Ä¶,lisa_kinka,"Florida, USA",Donald Trump,Florida
335,, These new numbers show that Donald Trump really is finished  via . Bye-bye Asshole:,LoveIsL10218947,"New Orleans, LA",Donald Trump,Louisiana
336,," ‚ÄúIt is the second time that a lawyer for Donald Trump has seen his own place raided. Last time, everyone remembers, it w‚Ä¶",Whittymeg1,Oregon,Donald Trump,Oregon
341,," Propaganda media behaved, relentlessly, as if basic human decency was unacceptable when it came to how to treat Donald Tru‚Ä¶",jeffrygc,"Michigan, USA",Donald Trump,Michigan
353,," This is why I saw Donald Trump was a symptom, not the disease.He recognized the growing frustration resulting from hypercap‚Ä¶",krunk84,"Tampa, FL",Donald Trump,Florida
359,," Watching the recent news lately &amp; connecting a few things, I predict that the United States Department of Justice will‚Ä¶",BairdWildLife,"Goldstream, Fairbanks, Alaska",Donald Trump,Alaska
360,," To fix the system, we must first acknowledge that it‚Äôs broken. Join our conversation tomorrow with host of ‚Ä¶",courtcan,"Oklahoma City, OK",Donald Trump,Oklahoma
364,," Watching the recent news lately &amp; connecting a few things, I predict that the United States Department of Justice will‚Ä¶",rrnunez,"Seattle, WA",Donald Trump,Washington
371,, We're still uncovering so much about Trump's grifting ,ArgusC,"California, USA",Donald Trump,California
372,," Michael Cohen on CNN: ""My parents always told me it's not nice to gloat. But Rudy, I told you so...What I told him is Donald‚Ä¶",TheChildrenHour,"Finger Lakes Region, NY",Donald Trump,New York
374,," . on Biden's thankless #JointAddress:""The American people know that it was President Donald Trump &amp; Operati‚Ä¶",OldSoldierRadio,"Fort Hood, TX",Donald Trump,Texas
384,," Watching the recent news lately &amp; connecting a few things, I predict that the United States Department of Justice will‚Ä¶",kbrown65807,"Springfield, MO",Donald Trump,Missouri
391,, Donald Trump and Ron DeSantis will not be on the ticket in 2024; they will be sharing a cell with Matt Gaetz and Rudy Giulia‚Ä¶,bridgetsimonds0,"Philadelphia, PA",Donald Trump,Pennsylvania
393,," Search Warrants Move Feds Closer to Charging Giuliani. Will Rudy Flip on Bill Barr, Donald Trump, others? And what wil‚Ä¶",WeBeHealthy,"Thompsonville, MI",Donald Trump,Michigan
395,," Search Warrants Move Feds Closer to Charging Giuliani. Will Rudy Flip on Bill Barr, Donald Trump, others? And what wil‚Ä¶",ChrisAlex13927,"Newark, NJ",Donald Trump,New Jersey
398,, Donald Trump set a really low bar for Joe Biden's speech to Congress (Opinion) I love the headline‚Ä¶,pearlfromca,"California, USA",Donald Trump,California
400,, Joe Biden is a good president because he is a good person. Donald Trump was a bad president because he is a bad person.‚Ä¶,Firestorm1776,"Seattle, WA",Donald Trump,Washington
401,, Am I the only one who's wondering whether the evidence seized from the Rudy raid will somehow implicate donald trump in‚Ä¶,karenkmason1,Wisconsin,Donald Trump,Wisconsin
406,,  GREAT meet the new Donald Trump Jr!,Jennosoupforyou,"St John, IN",Donald Trump,Indiana
407,," Donald Trump, twice impeached, criminal activities throughout his four years, fascism, racism, sexism, narcissism. It all‚Ä¶",DcTerrico,Oklahoma,Donald Trump,Oklahoma
408,," Propaganda media behaved, relentlessly, as if basic human decency was unacceptable when it came to how to treat Donald Tru‚Ä¶",RebaHere,"North Carolina, USA",Donald Trump,North Carolina
409,, ????? she did a very poor job as First Lady! She did not care for the American people!! She wanted t‚Ä¶ ,stablegenius53,"Arizona, USA",Donald Trump,Arizona
410,," Watching the recent news lately &amp; connecting a few things, I predict that the United States Department of Justice will‚Ä¶",NminMic,"Pennsylvania, USA",Donald Trump,Pennsylvania
414,," Search Warrants Move Feds Closer to Charging Giuliani. Will Rudy Flip on Bill Barr, Donald Trump, others? And what wil‚Ä¶",jillyjasper,"Michigan, USA",Donald Trump,Michigan
416,," Search Warrants Move Feds Closer to Charging Giuliani. Will Rudy Flip on Bill Barr, Donald Trump, others? And what wil‚Ä¶",JacquieWells4,"New York, USA",Donald Trump,New York
417,,Donald Trump Is Thinking Of This Politician As A Running Mate In 2024  #SmartNews,DiannaRakestraw,"Boswell's Corner, VA",Donald Trump,Virginia
420,, Joe Biden is a good president because he is a good person. Donald Trump was a bad president because he is a bad person.‚Ä¶,BErickson_BIO,"Washington, D.C.",Donald Trump,Washington
422,," Lincoln: Thank you, James Buchanan. FDR: Thank you, Herbert Hoover. Obama: Thank you, George W. Bus‚Ä¶ ",TimMcFarlandOR,"Salem, OR",Donald Trump,Oregon
423,," . on Biden's thankless #JointAddress:""The American people know that it was President Donald Trump &amp; Operati‚Ä¶",YvetteMonet11,"Anaheim, CA",Donald Trump,California
426,, Never forget: Tim Scott was unfailingly loyal to Donald Trump. And is to Mitch McConnell.,Nastyness61,"San Diego, CA",Donald Trump,California
427,, He can't imagine people with disagreements being civil to each other. ,macchica26,"Maple Grove, MN",Donald Trump,Minnesota
428,," Search Warrants Move Feds Closer to Charging Giuliani. Will Rudy Flip on Bill Barr, Donald Trump, others? And what wil‚Ä¶",BobbyGrannie,"Texas, USA",Donald Trump,Texas
438,, Who I want to host SNL in 2021! (By Lorne Michaels)- Donald Trump again?- Elon Musk a must- Duterte?- Putin would‚Ä¶,nichdemarco,New Jersey,Donald Trump,New Jersey
440,," Watching the recent news lately &amp; connecting a few things, I predict that the United States Department of Justice will‚Ä¶",tcj,"Washington, DC",Donald Trump,Washington
445,," Watching the recent news lately &amp; connecting a few things, I predict that the United States Department of Justice will‚Ä¶",azpublic1,"Arizona, USA",Donald Trump,Arizona
449,," January 6th cannot just be forgotten. A sitting President betrayed his oath of office, attempted an insurrection to stay‚Ä¶",DcTerrico,Oklahoma,Donald Trump,Oklahoma
451,,"1/4. Dear Patriots!I want to extend this invitation to a great event that is near and dear to my heart, as well a‚Ä¶ ",TTrumpette,"Palm Beach, FL",Donald Trump,Florida
452,,"1/4. Dear Patriots!I want to extend this invitation to a great event that is near and dear to my heart, as well a‚Ä¶ ",UnstoppableMeBk,"Palm Beach, FL",Donald Trump,Florida
453,," Okay well we ca blame Joe Biden and use him as a scapegoat and then lie to our base, redraw the Ma‚Ä¶ ",StevenDb8386,California ,Donald Trump,California
460,, SCOOP:  obtained documents and a video indicating  apparently made false statements in his swor‚Ä¶,viresethonestas,"Philadadelphia, PA",Donald Trump,Pennsylvania
461,," The Senate minority leader insisted on Thursday that the ex-president is part of the GOP's past, and has no future in Washi‚Ä¶",APF2925,"Georgia, USA",Donald Trump,Georgia
462,,". on Biden's thankless #JointAddress:""The American people know that it was President Donald Trump &amp; O‚Ä¶ ",NatalieJHarp,"California, USA",Donald Trump,California
467,,"  the question is -- does Rudy have proof of that, though?",sheltgarner,"Richmond, Virginia",Donald Trump,Virginia
470,," Search Warrants Move Feds Closer to Charging Giuliani. Will Rudy Flip on Bill Barr, Donald Trump, others? And what wil‚Ä¶",Happy2BNana,"Texas, USA",Donald Trump,Texas
473,," ""What I told him was that Donald Trump doesn't care about anyone or anything, that he will be the next one to be thrown un‚Ä¶",JordanShhh,"Phoenix, AZ",Donald Trump,Arizona
474,, Never forget: Tim Scott was unfailingly loyal to Donald Trump. And is to Mitch McConnell.,WaymackR,Texas,Donald Trump,Texas
476,,"Donald J Trump is not alone in holding that opinion.  While the cosy clique pat each other on the back, the vast ma‚Ä¶ ",JeaniefaetroonJ,Texas,Donald Trump,Texas
480,, Joe Biden is a good president because he is a good person. Donald Trump was a bad president because he is a bad person.‚Ä¶,13thPanther,"Upstate, NY",Donald Trump,New York
483,,"   if we could get proof of what he meant by that statement, well, there yo‚Ä¶ ",sheltgarner,"Richmond, Virginia",Donald Trump,Virginia
484,," Michael Cohen on CNN: ""My parents always told me it's not nice to gloat. But Rudy, I told you so...What I told him is Donald‚Ä¶",JMcCuneRP,"Louisa, VA, USA",Donald Trump,Virginia
496,, We're still uncovering so much about Trump's grifting ,RogeliodaP,"Los Angeles, CA",Donald Trump,California
501,," ""At this point - Biden probably got 8.2 million legal votes - that's how bad this is"" - Missy Crane  ‚Ä¶",WhipperSnacker,South Carolina,Joe Biden,South Carolina
505,, Nicole Kidman portraying Lucille Ball........... is as ridiculous as Joe Biden portraying a President.,poppytim24,"Missouri, USA",Joe Biden,Missouri
510,,"In breaking NFL Draft News, Joe Biden has chosen Colin Kaepernick in the first round.",stranahan,"Sioux Falls, SD",Joe Biden,South Dakota
518,, What makes Joe Biden such a good President is that he's a good man.,POTUS45stinks,"Oregon, USA",Joe Biden,Oregon
519,, Everything Joe Biden says about guns is idiotic.,VACountryBoy94,"Virginia, USA",Joe Biden,Virginia
520,, Joe Biden is a one-term president. Which means he is attempting to ram through everything he can for the sake of his legacy‚Ä¶,HuxleyOvOrwell,"Portland, OR",Joe Biden,Oregon
527,, Show me a gif of how happy you are that you voted for Joe Biden.,KLE1967,"San Antonio, Texas",Joe Biden,Texas
529,,"#JoeBiden #ice #BuildTheWall Joe Biden Rails Against ""Illegals,"" Calls For 700 Mile Borde‚Ä¶ ",bowtiesandlies,"Santa Monica, CA & Seattle, WA",Joe Biden,Washington
531,, Barely 11 million people tuned into Joe Biden's address to congress and we're supposed to believe this man got 81 milli‚Ä¶,Angelemichelle,"New York ,USA üá∫üá∏",Joe Biden,New York
532,," With Joe Biden (not sleepy or in his basement) outlining a bold and vigorous blueprint for American action, I guess some peo‚Ä¶",ChristineGitte6,"California, USA",Joe Biden,California
534,,Senator Ted Cruz passes out during presidential speech. Must have had a long night holding Matt Gaetz's head as he‚Ä¶ ,Joseph_Joe_M,"The Devil's Doorbell, Nevada",Joe Biden,Nevada
535,, Everything Joe Biden says about guns is idiotic.,TroyStrong1,Michigan,Joe Biden,Michigan
543,," Joe Biden couldn‚Äôt address an envelope, let alone a nation.",raisemefish,Iowa,Joe Biden,Iowa
546,," Is it just me, or does Joe Biden not seem popular enough to get 81.2 million votes?",markyOmatic,"Hampton, VA",Joe Biden,Virginia
549,, do y‚Äôall think joe biden is trying to ban newports because he saw this meme ,naeBoutdatlyfe,"Nevada, USA",Joe Biden,Nevada
554,," Always remember: the government has no money of its own. In order for Joe Biden to put a dollar in one person‚Äôs pocket,‚Ä¶",yogi46111752,"Midway, NC",Joe Biden,North Carolina
563,," Joe Biden Suggests Only White Americans Have Bought Homes, Built Equity and Passed Down Wealth Through Generations  https‚Ä¶",davidby67496669,"Manhattan, NY",Joe Biden,New York
566,, Republicans are melting straight the fuck down this morning and throwing shit fits galore because Joe Biden is popular‚Ä¶,HoundsLou,"Colorado, USA",Joe Biden,Colorado
569,," Joe Biden couldn‚Äôt address an envelope, let alone a nation.",JustAtypicalDad,"Knoxville, TN",Joe Biden,Tennessee
573,, Everything Joe Biden says about guns is idiotic.,JohnTho14581919,Louisiana,Joe Biden,Louisiana
577,," When you've actually watched 60--count 'em--60 SOTU addresses (JFK '61 on), you learn that a speech is just a speech, even‚Ä¶",wtfsmooth,Virginia,Joe Biden,Virginia
579,," Credit where it's due, Mark Kelly is absolutely right.Joe Biden didn't mention the crisis at the border once during his‚Ä¶",cbortho,"Hoover, AL",Joe Biden,Alabama
582,, Everything Joe Biden says about guns is idiotic.,theirishmilkman,"Florida, USA",Joe Biden,Florida
583,,TY Joe Biden. ,Trandall72,"Florida, USA",Joe Biden,Florida
584,, Barely 11 million people tuned into Joe Biden's address to congress and we're supposed to believe this man got 81 milli‚Ä¶,EvaRooney5,"New York, USA",Joe Biden,New York
585,, Joe Biden claimed that President Trump didn‚Äôt leave him a vaccine distribution plan. That was a lie. When Biden came into office‚Ä¶,1325alan1,"Ohio, USA",Joe Biden,Ohio
586,, Great speech last night by    While to Republican response reminds Sun Tzu‚Äôs:  Tactics without strategy is the nois‚Ä¶,ThomasFriend4,"Marana, AZ",Joe Biden,Arizona
588,, Tell us you're NOT a  FAN without actually saying you're not a Joe Biden fan. We'll retweet our favorite replies.,jose32738543,"Santa Monica, CA",Joe Biden,California
590,," After four years of Donald Trump, it‚Äôs just laughable to call Joe Biden divisive.",JMcCuneRP,"Louisa, VA, USA",Joe Biden,Virginia
592,,"   sorry. Joe Biden's 'policies' are to the benefit of americans. Ordinary, run-of-the-mill americans. Y‚Ä¶",mybluiis26_beth,"Lake in the Hills, IL",Joe Biden,Illinois
593,, Everything Joe Biden says about guns is idiotic.,ericbaker2,"South Dakota, USA ",Joe Biden,South Dakota
597,, We're 100 days into Joe Biden's term and Hunter Biden still owns stake in a private Chinese equity firm.,Hoodyshit1981,PA,Joe Biden,Pennsylvania
600,,Donald Trump Jr. is Furious That Liz Cheney Fist Bumped Joe Biden Last Night  ,Politics_PR,Minnesota,Joe Biden,Minnesota
602,,  Mr president joe biden i am one of many americans that receives ssi social security income and the recurring mont‚Ä¶,chrisairwolf,"Seattle, WA",Joe Biden,Washington
603,, Joe Biden‚Äôs optimism is contagious. Today I have a case of courage and hope.,KrisPaap,"East of Milwaukee, WI",Joe Biden,Wisconsin
608,," guy who always refers to joe biden as ""joey"" and makes everyone figure out who that is from context",PinkDarkBoy1,"Addis, LA",Joe Biden,Louisiana
610,," SURPRISED?  ‚ÄúWrapping up an outdoor rally in Georgia¬†on Thursday night, a fully vaccinated President Joe Biden¬†spent 30 sec‚Ä¶",Clayconboy1,"Arizona, USA",Joe Biden,Arizona
612,," Joe Biden hasn‚Äôt spoken to a crowd as large as he did last night for a loooong time, so maybe I should cut him some slac‚Ä¶",MagnoliaAHG,"Wisconsin, USA",Joe Biden,Wisconsin
618,," Just like Joe Biden pointed out that ‚ÄúBuild Back Better‚Äù means ‚ÄúBuild Back Better‚Äù, I‚Äôll point out that ‚ÄúShall not be in‚Ä¶",markwoloshin,"Noblesville, Indiana",Joe Biden,Indiana
621,, do y‚Äôall think joe biden is trying to ban newports because he saw this meme ,shaespades,TX,Joe Biden,Texas
623,,"Sean Hannity complains about Joe Biden looking for his mask, even though he's vaccinatedThis is an hour after the‚Ä¶ ",SaskerutheUlt,"New York, USA",Joe Biden,New York
624,," ‚ÄúFor all transgender Americans watching at home, especially young people who are so brave, I want you to know that your‚Ä¶",JaniceAsylum,"Central, PA",Joe Biden,Pennsylvania
625,," Carlson spewing white hot rage on the monster known as Joe Biden.I realize many of you think he‚Äôs crazy, but he‚Äôs not.‚Ä¶",grbonne,"Esko, MN",Joe Biden,Minnesota
630,, Republicans are melting straight the fuck down this morning and throwing shit fits galore because Joe Biden is popular‚Ä¶,kim_molee,"Atlanta, GA",Joe Biden,Georgia
632,, Seriously though. It‚Äôs not just hype.I am extremely grateful to  Biden - not just for the ambitious agenda he‚Äôs‚Ä¶,GoinToCanada,"New Jersey, USA",Joe Biden,New Jersey
633,,Love the photo of First Lady Jill and Hunter Biden! Congratulations on the UN World Programme Board Chairman positi‚Ä¶ ,JulieAnnRacino1,"Rome, New York",Joe Biden,New York
649,, 85% of viewers approve of Biden‚Äôs ideas because those ideas represent governing for the people... they are not about cul‚Ä¶,RomanAntonius,"Pittsburgh, PA",Joe Biden,Pennsylvania
655,, Everything Joe Biden says about guns is idiotic.,Nick4six,"Kentucky, USA",Joe Biden,Kentucky
656,, New: I dove into Biden's fixation with proving democracy works amid the rise of autocraciesHe frames nearly every major iss‚Ä¶,NancySa45944060,"Webster Groves, MO",Joe Biden,Missouri
659,," Joe Biden used the word, ‚Äúinvest‚Äù 15 times last night. He used the word, ‚Äúfreedom‚Äù once. Ladies and Gents, that‚Äôs all yo‚Ä¶",tonyprito1972,"Minnesota, USA",Joe Biden,Minnesota
660,, Everything Joe Biden says about guns is idiotic.,football_fish,"Florida, USA",Joe Biden,Florida
665,," A Historical and Honorable Moment for WomenPresident Joe Biden: ‚ÄúThank you, Madame Speaker and Madame Vice President,""‚Ä¶",NoodleOnIt,Florida,Joe Biden,Florida
670,,"  Now we can say ""Joe Walsh is talking about Rudy Giuliani, Tucker Carlson and Hunter B‚Ä¶ ",tac_token,"Denver, CO",Joe Biden,Colorado
672,, Trump lawyer Michael Cohen: Convicted.Trump lawyer Rudy Giuliani: Raided.Trump lawyer Sidney Powell: Denounced her own argu‚Ä¶,DeanAmerican,"Illinois, USA",Joe Biden,Illinois
674,,Donald Trump Jr. is Furious That Liz Cheney Fist Bumped Joe Biden Last Night  via ,voteblue8888,"Washington, DC",Joe Biden,Washington
677,," At the age of 78, Joe Biden became president and David Cronenberg finally got the green light to make a new movie. #RespectYo‚Ä¶",ZSharf,"New York, NY",Joe Biden,New York
684,, Joe Biden is a one-term president. Which means he is attempting to ram through everything he can for the sake of his legacy‚Ä¶,teeisme1,"Sherrills Ford, NC, USA",Joe Biden,North Carolina
687,, If I kill myself my blood is on Joe Biden's hands for dis one,mondovideos,"Chicago, IL",Joe Biden,Illinois
700,,How pathetic Joe Biden outside having a car rally in Georgia cannot find his mask. He‚Äôs been vaccinated worried abo‚Ä¶ ,grandpatoby,North Carolina,Joe Biden,North Carolina
703,," Never forget that Joe Biden pretty much destroyed Giuliani by saying he was just ""a noun, a verb, and 9/11."" #inners",lula_reh,"Minnesota, USA",Joe Biden,Minnesota
711,, Joe Biden‚Äôs optimism is contagious. Today I have a case of courage and hope.,rhapsodynbloom,"West Melbourne, FL",Joe Biden,Florida
713,," Is it just me, or does Joe Biden not seem popular enough to get 81.2 million votes?",iahn_walkerB,"Danville, VA",Joe Biden,Virginia
715,, Joe Biden's first 100 days:- Southern border opened- Small businesses closed- Students out of class- National Guard a‚Ä¶,ANGIETRUMP1,"Florida, USA",Joe Biden,Florida
720,, Proudly voted for President Joe Biden. Who's with me? #100DaysOfBiden,WJWhitehouseNH,"Berlin, NH",Joe Biden,New Hampshire
721,, Everything Joe Biden says about guns is idiotic.,cervantes242,"Fort Worth, TX",Joe Biden,Texas
722,, Joe Biden is outlining socialism! Wake the Hell Up America!!!,RogerDodger426,"Tennessee, USA",Joe Biden,Tennessee
723,,The same people blaming Joe Biden and Stacey Abrams for  pulling the All-Star Game from Atlanta are the ones wh‚Ä¶ ,JonGargis,"Atlanta, GA",Joe Biden,Georgia
726,,Is it me or does Joe Biden sound more lucid?  #Hannity,anxietyman2,"Near Blue Island, IL",Joe Biden,Illinois
728,, Everything Joe Biden says about guns is idiotic.,mdlUK1,"Kentucky, USA",Joe Biden,Kentucky
734,, We're 100 days into Joe Biden's term and Hunter Biden still owns stake in a private Chinese equity firm.,cheftynelson,"St Petersburg, FL",Joe Biden,Florida
738,," Joe Biden Suggests Only White Americans Have Bought Homes, Built Equity and Passed Down Wealth Through Generations  https‚Ä¶",Willsdarlin,"Washington, USA",Joe Biden,Washington
739,," Joe Biden Suggests Only White Americans Have Bought Homes, Built Equity and Passed Down Wealth Through Generations  https‚Ä¶",SIGINTJoeBlack,Virginia,Joe Biden,Virginia
746,, We went from Melania swatting the former guy‚Äôs hand away to Joe Biden picking a flower for his First Lady #100DaysOfBiden h‚Ä¶,madzASF,"Boston, MA",Joe Biden,Massachusetts
753,, We're 100 days into Joe Biden's term and Hunter Biden still owns stake in a private Chinese equity firm.,RuthHalleran,"HI NC, Pitt PA, Gwd SC, CA, NH",Joe Biden,New Hampshire
756,," Joe Biden hasn‚Äôt spoken to a crowd as large as he did last night for a loooong time, so maybe I should cut him some slac‚Ä¶",JeepFreedom,Florida ,Joe Biden,Florida
757,, President Joe Biden picks a dandelion for First Lady Jill Biden as they walk to Marine One en route to Georgia earlier‚Ä¶,MichaelHaslange,"Phoenix, AZ",Joe Biden,Arizona
758,, Everything Joe Biden says about guns is idiotic.,Adamlyon25,"Las Vegas, NV",Joe Biden,Nevada
759,," With Joe Biden (not sleepy or in his basement) outlining a bold and vigorous blueprint for American action, I guess some peo‚Ä¶",garpel1949,"BRENTWOOD, LOS ANGELES, CA",Joe Biden,California
766,,Joe and Jill Biden...the new SNL comedy team!#WheresMyMask?,Truthfeed7,"Ohio, USA",Joe Biden,Ohio
767,," With Joe Biden (not sleepy or in his basement) outlining a bold and vigorous blueprint for American action, I guess some peo‚Ä¶",LynxMediaLLC,"Las Vegas, NV",Joe Biden,Nevada
769,," Carlson spewing white hot rage on the monster known as Joe Biden.I realize many of you think he‚Äôs crazy, but he‚Äôs not.‚Ä¶",beta_user1,"Milwaukee, WI",Joe Biden,Wisconsin
780,, President Joe Biden picks a dandelion for First Lady Jill Biden from White House lawn ,madisonshawnn,"Oregon, USA",Joe Biden,Oregon
782,," Honor and decency have returned to the White House and America is on the move!Thank You, Joe Biden  #100Days‚Ä¶",NanciAma,"New Jersey, USA",Joe Biden,New Jersey
783,, I was on YouTube  watching some  Videos on there Channel look at their Perspective on this‚Ä¶ ,Detrocker2264,Michigan,Joe Biden,Michigan
784,," Rep.  says President Joe Biden's speech to Congress this week ""was an explicit rejection of the neoliberal frame‚Ä¶",Rayperez88,"San Francisco, CA",Joe Biden,California
789,,"‚ÄúAll transgender people watching this speech, especially young ones, I want you to know your president has your bac‚Ä¶ ",phearlissdreama,"Los Angeles, CA",Joe Biden,California
791,," Wednesday, the Senate voted to reverse the Trump administration's rollback of a crucial Obama-era climate regulation, del‚Ä¶",NoodleOnIt,Florida,Joe Biden,Florida
795,, Ted Cruz slept through Joe Biden's Capitol speech because he prefers Capitol events with a little more incitement.,pcox68,"Virginia, USA",Joe Biden,Virginia
801,," As a Georgia-10 voter, I'm grateful to have Joe Biden as our President.He is doing an excellent‚Ä¶ ",Daffodi12,"Georgia, United States",Joe Biden,Georgia
802,, What makes Joe Biden such a good President is that he's a good man.,greenrazor37,"Largo, Florida, United States",Joe Biden,Florida
803,," With Joe Biden (not sleepy or in his basement) outlining a bold and vigorous blueprint for American action, I guess some peo‚Ä¶",KEM798,California,Joe Biden,California
804,, Everything Joe Biden says about guns is idiotic.,WegerLeslie,"Northern, AZ",Joe Biden,Arizona
805,, We went from Melania swatting the former guy‚Äôs hand away to Joe Biden picking a flower for his First Lady #100DaysOfBiden,briannajobin,"Pelham, NH",Joe Biden,New Hampshire
811,, Republicans are melting straight the fuck down this morning and throwing shit fits galore because Joe Biden is popular‚Ä¶,sensei328,"Kailua Kona, HI",Joe Biden,Hawaii
812,," President Joe Biden visited Jimmy Carter in tiny Plains, Georgia, bringing together the oldest sitting president and the longest-li‚Ä¶",PattiUSBLUE,IL,Joe Biden,Illinois
814,, It‚Äôs clear that Republicans hold Joe Biden to standards that Trump never even came close to meeting.,windycitygirl58,"Beverly, MA",Joe Biden,Massachusetts
817,," Joe Biden has a net positive approval rating with the American people, but negative stories outnumber the positive by a 9‚Ä¶",randalldrew,"Bedford, NH",Joe Biden,New Hampshire
819,,"Proverbs 12:17 - ‚ÄúA truthful witness gives honest testimony, but a false witness tells lies.‚Äùüëç Hunter &amp; Joe love Ch‚Ä¶ ",sawyer_randa,"Arizona, USA",Joe Biden,Arizona
820,,"  But in the end, Joe Biden will eliminate child poverty once and for all?",jkgaspar4994,"Sioux Falls, SD",Joe Biden,South Dakota
821,, Republicans are melting straight the fuck down this morning and throwing shit fits galore because Joe Biden is popular‚Ä¶,decenthuman99,CT,Joe Biden,Connecticut
826,, Republicans are melting straight the fuck down this morning and throwing shit fits galore because Joe Biden is popular‚Ä¶,BrwnEyesGrl0319,AZ,Joe Biden,Arizona
829,,"Pence did not discuss his own presidential ambitions during a 30-minute speech, spending more time talking about GO‚Ä¶ ",usatodayDC,"Washington, D.C.",Joe Biden,Washington
830,,Thank you President Joe Biden &amp; Vice-President Kamala Harris. #100DaysWithBiden #ThankYouJoe #ThankyouKamala‚Ä¶ ,Kimmy2858,"Murrieta, CA",Joe Biden,California
831,," ‚ÄúFor all transgender Americans watching at home, especially young people who are so brave, I want you to know that your‚Ä¶",GoinToCanada,"New Jersey, USA",Joe Biden,New Jersey
834,," Joe Biden: ""We Have to do More Than Just Build Back Better. We Have to Build Back Better.‚Äùüí£üí£üí£üí£üí£üí£üí£üí£81 million votes f‚Ä¶",DiscardedVirtue,Texas,Joe Biden,Texas
842,,"Senator  is just making sh*t up again, thinks her constituents are stupid enough to buy it. ",Joseph_Joe_M,"The Devil's Doorbell, Nevada",Joe Biden,Nevada
843,," Joe Biden repeating ""healthcare should be a right"" is like someone saying you should have a right to not be beaten with a c‚Ä¶",Briankmcneal,"Washington, DC",Joe Biden,Washington
844,, Joe Biden is:Fully vaccinated. ‚úÖIgnoring CDC guidance: ‚úÖVirtue signaling to his base: ‚úÖWants to control the American p‚Ä¶,calfit32,"Palm Springs, CA",Joe Biden,California
845,," Always remember: the government has no money of its own. In order for Joe Biden to put a dollar in one person‚Äôs pocket,‚Ä¶",Amy87301394,"Michigan, USA",Joe Biden,Michigan
847,," I know he was the first choice of few people. I‚Äôm aware he was supposed to be a transitional leader. But quietly, quickly,‚Ä¶",bbingnear,"Melbourne, FL",Joe Biden,Florida
852,,"President Biden tells  that he doesn't think that Americans are racist, but African Americans are ""behi‚Ä¶ ",NBCBLK,"New York, NY",Joe Biden,New York
854,," Rep.  says President Joe Biden's speech to Congress this week ""was an explicit rejection of the neoliberal frame‚Ä¶",JEEVANZUTSHI,"Fremont, California",Joe Biden,California
856,," On this day after President Joe Biden‚Äôs address to a joint session of Congress, Wall Street was happy. The S&amp;P 500 closed‚Ä¶",theshadow_2020,"San Francisco, California",Joe Biden,California
857,," Republicans are having such a hard time figuring out Joe Biden.Caring, compassion, and empathy are such foreign conce‚Ä¶",jcmarbury,"Shaker Heights, OH",Joe Biden,Ohio
863,," Why can Joe Biden come to Georgia, but MLB baseball can‚Äôt? It‚Äôs because Joe Biden is just another liberal hypocrite.",4KuhaylanArabia,"Texas, USA",Joe Biden,Texas
867,," Joe Biden's ratings are quite bad. The problem? The brand propaganda (""Mr Unity"") bears no resemblance to the actual obser‚Ä¶",DwbirdDee,New Jersey,Joe Biden,New Jersey
869,, Everything Joe Biden says about guns is idiotic.,AvalancheSLM,"Texas, USA",Joe Biden,Texas
870,," ‚ÄúAll transgender people watching this speech, especially young ones, I want you to know your president has your back!‚Äù-J‚Ä¶",phearlissdreama,"Los Angeles, CA",Joe Biden,California
871,," Confused, fully vaccinated Joe Biden desperately looks for his lost mask while outside ",JeremiahWOLBI,Colorado,Joe Biden,Colorado
875,, Everything Joe Biden says about guns is idiotic.,Monsters2017,"Arizona, USA",Joe Biden,Arizona
880,, Ambassador to the Holy City? Pro-life?  Who knows????Fetal tissue harvested from elective abort‚Ä¶,SpotdogWright,"Tennessee, USA",Joe Biden,Tennessee
882,, Joe Biden showing love to Senators Ossoff and Warnock in Georgia today! Democrats don‚Äôt control the US Senate without th‚Ä¶,GabbieKDrice,"Florida, USA",Joe Biden,Florida
884,," Honor and decency have returned to the White House and America is on the move!Thank You, Joe Biden  #100Days‚Ä¶",FekratRanna,"Anchorage, AK",Joe Biden,Alaska
887,, Show me a gif of how happy you are that you voted for Joe Biden.,Artistwhodreams,"Syracuse, NY",Joe Biden,New York
902,," If you're trans, Joe Biden HAS your BACK. He RESPECTS you and your RIGHTS. He thinks you're BRAVE to endure having to beg your‚Ä¶",Maddy_Cafe,"Lebanon, NH",Joe Biden,New Hampshire
916,," Joe Biden Suggests Only White Americans Have Bought Homes, Built Equity and Passed Down Wealth Through Generations  https‚Ä¶",DownByTheBrooke,Nevada,Joe Biden,Nevada
922,," Biden ""didn't campaign in a way that created a mandate for what he's doing...make 2022 a check-and-balance election: a ch‚Ä¶",Mightymouth5413,"Florida, USA",Joe Biden,Florida
925,," Rep.  says President Joe Biden's speech to Congress this week ""was an explicit rejection of the neoliberal frame‚Ä¶",RoKhanna,"Silicon Valley, CA",Joe Biden,California
929,," ""Weeks before the election, President Trump declared, ‚Äúwe will go into a depression‚Äù if Joe Biden won. 100 days in and th‚Ä¶",shelleycourter,"Seattle, WA",Joe Biden,Washington
932,, Today is day 100 of Joe Biden's administration.I am still waiting on the jobs he promised to laid off Keystone XL pi‚Ä¶,ANGIETRUMP1,"Florida, USA",Joe Biden,Florida
933,, When someone like Joe Biden is your last resort and only hope you know your days are numbered.,DavidTh00164480,"California, USA",Joe Biden,California
936,, Everything Joe Biden says about guns is idiotic.,djcornell88,"Lexington, MA",Joe Biden,Massachusetts
937,, Ted Cruz slept through Joe Biden's Capitol speech because he prefers Capitol events with a little more incitement.,buzzflash,"Chicago, Illinois",Joe Biden,Illinois
940,," Rep.  says President Joe Biden's speech to Congress this week ""was an explicit rejection of the neoliberal frame‚Ä¶",IVCLisaSolomon,"Brawley, CA",Joe Biden,California
948,," Always remember: the government has no money of its own. In order for Joe Biden to put a dollar in one person‚Äôs pocket,‚Ä¶",raisemefish,Iowa,Joe Biden,Iowa
949,, Republicans are melting straight the fuck down this morning and throwing shit fits galore because Joe Biden is popular‚Ä¶,zoequinnmacy,"Portland, OR",Joe Biden,Oregon
953,," üç¶ LISTEN UP, JACK üç¶Today is Joe Biden's 100th day as President with a majority in both the House and Senate. Here i‚Ä¶",LpsdlwyerW,"Indiana, USA",Joe Biden,Indiana
956,," Always remember: the government has no money of its own. In order for Joe Biden to put a dollar in one person‚Äôs pocket,‚Ä¶",MagaMn45,"Minnesota, USA",Joe Biden,Minnesota
961,, Rosalynn Carter looks on from her front porch as President Joe Biden and First Lady Dr. Jill Biden depart her home after‚Ä¶,SeaIslandBlue,"Beaufort, SC",Joe Biden,South Carolina
962,, do y‚Äôall think joe biden is trying to ban newports because he saw this meme ,BuildingOurPwr,"Memphis, TN",Joe Biden,Tennessee
964,, Why hasn‚Äôt Joe Biden thanked Dolly Parton for the vaccine?,MarjorieHoard,"Tennessee, USA",Joe Biden,Tennessee
969,, Joe Biden's massive tax hikes are bad news for an already fragile economy.Increasing the tax burden will only discourage inv‚Ä¶,noangel5663,"Texas, USA",Joe Biden,Texas
970,, When someone like Joe Biden is your last resort and only hope you know your days are numbered.,davidby67496669,"Manhattan, NY",Joe Biden,New York
973,, Joe Biden Gives Abortion Industry $467.8 BillionIt is unimaginable how many babies are going to be murdered due to t‚Ä¶,CaroleUnderwoo4,"Houston, Texas",Joe Biden,Texas
976,," Republicans are having such a hard time figuring out Joe Biden.Caring, compassion, and empathy are such foreign conce‚Ä¶",RaeRubio1,"California, USA",Joe Biden,California
979,, Everything Joe Biden says about guns is idiotic.,1776Fightr,"Florida, USA",Joe Biden,Florida
980,, Rudy Giuliani is Joe Biden's opponent in the same way that a dog barking at my car as I drive past is mine.,tungwene,"Seattle, WA",Joe Biden,Washington
982,, Everything Joe Biden says about guns is idiotic.,JebLadat,"Springfield, IL",Joe Biden,Illinois
983,, Nicole Kidman portraying Lucille Ball........... is as ridiculous as Joe Biden portraying a President.,KennInwood,"New Jersey, USA",Joe Biden,New Jersey
985,, hey joe biden.... ,RyanPerl,"Attica, NY ‚û°Ô∏è Old Forge, NY",Joe Biden,New York
986,, The Republican Party is really in no position to oppose what Joe Biden proposed last night because the Republican Party i‚Ä¶,kanani1729,"California, USA",Joe Biden,California
987,," Honor and decency have returned to the White House and America is on the move!Thank You, Joe Biden  #100Days‚Ä¶",Qua1Neal,"Oklahoma, USA",Joe Biden,Oklahoma
994,," Joe Biden Suggests Only White Americans Have Bought Homes, Built Equity and Passed Down Wealth Through Generations  https‚Ä¶",JRG4_,"Orlando, FL",Joe Biden,Florida
996,," Is it just me, or does Joe Biden not seem popular enough to get 81.2 million votes?",Doctr__Wang,Texas,Joe Biden,Texas
999,, I absolutely LOVE Congresswoman Boebert! We need more Members of Congress like her! ,____devnull,Texas,Joe Biden,Texas
